"ID","Presa","Grupo funcional presa","Depredador","Grupo funcional depredador","Estrategia","Fuente","Referencia",""
"1","E. antartica","Actinopterygii","Thalassarche_chrysostoma","Ave","","Heterótrofo","",""
"2","E. carlsbergi","Actinopterygii","Thalassarche_chrysostoma","Ave","","Heterótrofo","",""
"3","G. fraseri","Actinopterygii","Thalassarche_chrysostoma","Ave","","","",""
"4","G. hintonoides","Actinopterygii","Thalassarche_chrysostoma","Ave","","","",""
"5","G. nicholsi","Actinopterygii","Thalassarche_chrysostoma","Ave","","","",""
"6","Gymnoscopelus sp.","Actinopterygii","Thalassarche_chrysostoma","Ave","","","",""
"7","K. andersoni","Actinopterygii","Thalassarche_chrysostoma","Ave","","","",""
"8","M. gracilis","Actinopterygii","Thalassarche_chrysostoma","Ave","","","",""
"9","G. antarcticus","Cephalopoda","Thalassarche_chrysostoma","Ave","","","",""
"10","K. longimana","Cephalopoda","Thalassarche_chrysostoma","Ave","","","",""
"11","B. skolops","Cephalopoda","Thalassarche_chrysostoma","Ave","","","",""
"12","Histioteuthis","Cephalopoda","Thalassarche_chrysostoma","Ave","","","",""
"13","A. antarcticus","Cephalopoda","Thalassarche_chrysostoma","Ave","","","",""
"14","M. hyadesi","Cephalopoda","Thalassarche_chrysostoma","Ave","","","",""
"15","M psychrophila","Cephalopoda","Thalassarche_chrysostoma","Ave","","","",""
"16","G. glacialis","Cephalopoda","Thalassarche_chrysostoma","Ave","","","",""
"17","T. gaudicahudii","Malacostraca","Thalassarche_chrysostoma","Ave","","","",""
"18","A. antarcticus","Malacostraca","Thalassarche_chrysostoma","Ave","","","",""
"19","A. pelagica","Malacostraca","Thalassarche_chrysostoma","Ave","","","",""
"20","Acanthephyra sp","Malacostraca","Thalassarche_chrysostoma","Ave","","","",""
"21","P. longispina","Malacostraca","Thalassarche_chrysostoma","Ave","","","",""
"22","E. superba","Malacostraca","Thalassarche_chrysostoma","Ave","","","",""
"","Semirrosia_tenera","","Grampus_griseus","","","Heterótrofo","Riccialdelli, L., Newsome, S. D., Fogel, M. L., & Goodall, R. N. P. (2010). Isotopic assessment of prey and habitat preferences of a cetacean community in the southwestern South Atlantic Ocean. Marine Ecology Progress Series, 418, 235-248.",""
"","Moroteuthis_ingens","","Grampus_griseus","","","Heterótrofo","Riccialdelli, L., Newsome, S. D., Fogel, M. L., & Goodall, R. N. P. (2010). Isotopic assessment of prey and habitat preferences of a cetacean community in the southwestern South Atlantic Ocean. Marine Ecology Progress Series, 418, 235-248.",""
"","Loligo_gahi","","Grampus_griseus","","","Heterótrofo","Riccialdelli, L., Newsome, S. D., Fogel, M. L., & Goodall, R. N. P. (2010). Isotopic assessment of prey and habitat preferences of a cetacean community in the southwestern South Atlantic Ocean. Marine Ecology Progress Series, 418, 235-248.",""
"","Illex_argentinus","","Grampus_griseus","","","Heterótrofo","Riccialdelli, L., Newsome, S. D., Fogel, M. L., & Goodall, R. N. P. (2010). Isotopic assessment of prey and habitat preferences of a cetacean community in the southwestern South Atlantic Ocean. Marine Ecology Progress Series, 418, 235-248.",""
"","Micromesistius_australis","","Grampus_griseus","","","Heterótrofo","Riccialdelli, L., Newsome, S. D., Fogel, M. L., & Goodall, R. N. P. (2010). Isotopic assessment of prey and habitat preferences of a cetacean community in the southwestern South Atlantic Ocean. Marine Ecology Progress Series, 418, 235-248.",""
"","Sprattus_fuegensis","","Grampus_griseus","","","Heterótrofo","Riccialdelli, L., Newsome, S. D., Fogel, M. L., & Goodall, R. N. P. (2010). Isotopic assessment of prey and habitat preferences of a cetacean community in the southwestern South Atlantic Ocean. Marine Ecology Progress Series, 418, 235-248.",""
"","Myctophids","","Grampus_griseus","","","Heterótrofo","Riccialdelli, L., Newsome, S. D., Fogel, M. L., & Goodall, R. N. P. (2010). Isotopic assessment of prey and habitat preferences of a cetacean community in the southwestern South Atlantic Ocean. Marine Ecology Progress Series, 418, 235-248.",""
"","Merluccius_hubbsi","","Lagenorhynchus_cruciger","","","Heterótrofo","Riccialdelli, L., Newsome, S. D., Fogel, M. L., & Goodall, R. N. P. (2010). Isotopic assessment of prey and habitat preferences of a cetacean community in the southwestern South Atlantic Ocean. Marine Ecology Progress Series, 418, 235-248.",""
"","Merluccius_australis","","Lagenorhynchus_cruciger","","","Heterótrofo","Riccialdelli, L., Newsome, S. D., Fogel, M. L., & Goodall, R. N. P. (2010). Isotopic assessment of prey and habitat preferences of a cetacean community in the southwestern South Atlantic Ocean. Marine Ecology Progress Series, 418, 235-248.",""
"","Salilota_australis","","Lagenorhynchus_cruciger","","","Heterótrofo","Riccialdelli, L., Newsome, S. D., Fogel, M. L., & Goodall, R. N. P. (2010). Isotopic assessment of prey and habitat preferences of a cetacean community in the southwestern South Atlantic Ocean. Marine Ecology Progress Series, 418, 235-248.",""
"","Macruronus_magellanicus","","Lagenorhynchus_cruciger","","","Heterótrofo","Riccialdelli, L., Newsome, S. D., Fogel, M. L., & Goodall, R. N. P. (2010). Isotopic assessment of prey and habitat preferences of a cetacean community in the southwestern South Atlantic Ocean. Marine Ecology Progress Series, 418, 235-248.",""
"","Cottoperca_gobio","","Lagenorhynchus_cruciger","","","Heterótrofo","Riccialdelli, L., Newsome, S. D., Fogel, M. L., & Goodall, R. N. P. (2010). Isotopic assessment of prey and habitat preferences of a cetacean community in the southwestern South Atlantic Ocean. Marine Ecology Progress Series, 418, 235-248.",""
"","Coelorinchus_fasciatus","","Lagenorhynchus_cruciger","","","Heterótrofo","Riccialdelli, L., Newsome, S. D., Fogel, M. L., & Goodall, R. N. P. (2010). Isotopic assessment of prey and habitat preferences of a cetacean community in the southwestern South Atlantic Ocean. Marine Ecology Progress Series, 418, 235-248.",""
"","Iluocoetes_fimbriatus","","Lagenorhynchus_cruciger","","","Heterótrofo","Riccialdelli, L., Newsome, S. D., Fogel, M. L., & Goodall, R. N. P. (2010). Isotopic assessment of prey and habitat preferences of a cetacean community in the southwestern South Atlantic Ocean. Marine Ecology Progress Series, 418, 235-248.",""
"","Cottunculus_granulosus","","Lagenorhynchus_cruciger","","","Heterótrofo","Riccialdelli, L., Newsome, S. D., Fogel, M. L., & Goodall, R. N. P. (2010). Isotopic assessment of prey and habitat preferences of a cetacean community in the southwestern South Atlantic Ocean. Marine Ecology Progress Series, 418, 235-248.",""
"","Dissostichus_eleginoides","","Lagenorhynchus_cruciger","","","Heterótrofo","Riccialdelli, L., Newsome, S. D., Fogel, M. L., & Goodall, R. N. P. (2010). Isotopic assessment of prey and habitat preferences of a cetacean community in the southwestern South Atlantic Ocean. Marine Ecology Progress Series, 418, 235-248.",""
"","Genypterus_blacodes","","Lagenorhynchus_cruciger","","","Heterótrofo","Riccialdelli, L., Newsome, S. D., Fogel, M. L., & Goodall, R. N. P. (2010). Isotopic assessment of prey and habitat preferences of a cetacean community in the southwestern South Atlantic Ocean. Marine Ecology Progress Series, 418, 235-248.",""
"","Nototenids","","Lagenorhynchus_cruciger","","","Heterótrofo","Riccialdelli, L., Newsome, S. D., Fogel, M. L., & Goodall, R. N. P. (2010). Isotopic assessment of prey and habitat preferences of a cetacean community in the southwestern South Atlantic Ocean. Marine Ecology Progress Series, 418, 235-248.",""
"","Micromesistius_australis","","Lagenorhynchus_cruciger","","","Heterótrofo","Riccialdelli, L., Newsome, S. D., Fogel, M. L., & Goodall, R. N. P. (2010). Isotopic assessment of prey and habitat preferences of a cetacean community in the southwestern South Atlantic Ocean. Marine Ecology Progress Series, 418, 235-248.",""
"","Patagonotothen_ramsayi","","Lagenorhynchus_cruciger","","","Heterótrofo","Riccialdelli, L., Newsome, S. D., Fogel, M. L., & Goodall, R. N. P. (2010). Isotopic assessment of prey and habitat preferences of a cetacean community in the southwestern South Atlantic Ocean. Marine Ecology Progress Series, 418, 235-248.",""
"","Pseudocythus_maculatus","","Lagenorhynchus_cruciger","","","Heterótrofo","Riccialdelli, L., Newsome, S. D., Fogel, M. L., & Goodall, R. N. P. (2010). Isotopic assessment of prey and habitat preferences of a cetacean community in the southwestern South Atlantic Ocean. Marine Ecology Progress Series, 418, 235-248.",""
"","Myctophids","","Lagenorhynchus_cruciger","","","Heterótrofo","Riccialdelli, L., Newsome, S. D., Fogel, M. L., & Goodall, R. N. P. (2010). Isotopic assessment of prey and habitat preferences of a cetacean community in the southwestern South Atlantic Ocean. Marine Ecology Progress Series, 418, 235-248.",""
"","Bathyraja_macloviana","","Lagenorhynchus_cruciger","","","Heterótrofo","Riccialdelli, L., Newsome, S. D., Fogel, M. L., & Goodall, R. N. P. (2010). Isotopic assessment of prey and habitat preferences of a cetacean community in the southwestern South Atlantic Ocean. Marine Ecology Progress Series, 418, 235-248.",""
"","Eleginops_maclovinus","","Lagenorhynchus_cruciger","","","Heterótrofo","Riccialdelli, L., Newsome, S. D., Fogel, M. L., & Goodall, R. N. P. (2010). Isotopic assessment of prey and habitat preferences of a cetacean community in the southwestern South Atlantic Ocean. Marine Ecology Progress Series, 418, 235-248.",""
"","Zoarcids","","Lagenorhynchus_cruciger","","","Heterótrofo","Riccialdelli, L., Newsome, S. D., Fogel, M. L., & Goodall, R. N. P. (2010). Isotopic assessment of prey and habitat preferences of a cetacean community in the southwestern South Atlantic Ocean. Marine Ecology Progress Series, 418, 235-248.",""
"","Patagonotothen ","","Lagenorhynchus_cruciger","","","Heterótrofo","Riccialdelli, L., Newsome, S. D., Fogel, M. L., & Goodall, R. N. P. (2010). Isotopic assessment of prey and habitat preferences of a cetacean community in the southwestern South Atlantic Ocean. Marine Ecology Progress Series, 418, 235-248.",""
"","Patagonotothen_sima","","Lagenorhynchus_cruciger","","","Heterótrofo","Riccialdelli, L., Newsome, S. D., Fogel, M. L., & Goodall, R. N. P. (2010). Isotopic assessment of prey and habitat preferences of a cetacean community in the southwestern South Atlantic Ocean. Marine Ecology Progress Series, 418, 235-248.",""
"","Patagonotothen_tessellata","","Lagenorhynchus_cruciger","","","Heterótrofo","Riccialdelli, L., Newsome, S. D., Fogel, M. L., & Goodall, R. N. P. (2010). Isotopic assessment of prey and habitat preferences of a cetacean community in the southwestern South Atlantic Ocean. Marine Ecology Progress Series, 418, 235-248.",""
"","Odonthestes","","Lagenorhynchus_cruciger","","","Heterótrofo","Riccialdelli, L., Newsome, S. D., Fogel, M. L., & Goodall, R. N. P. (2010). Isotopic assessment of prey and habitat preferences of a cetacean community in the southwestern South Atlantic Ocean. Marine Ecology Progress Series, 418, 235-248.",""
"","Sprattus_fuegensis","","Lagenorhynchus_cruciger","","","Heterótrofo","Riccialdelli, L., Newsome, S. D., Fogel, M. L., & Goodall, R. N. P. (2010). Isotopic assessment of prey and habitat preferences of a cetacean community in the southwestern South Atlantic Ocean. Marine Ecology Progress Series, 418, 235-248.",""
"","Loligo_gahi","","Lagenorhynchus_cruciger","","","Heterótrofo","Riccialdelli, L., Newsome, S. D., Fogel, M. L., & Goodall, R. N. P. (2010). Isotopic assessment of prey and habitat preferences of a cetacean community in the southwestern South Atlantic Ocean. Marine Ecology Progress Series, 418, 235-248.",""
"","llex","","Lagenorhynchus_cruciger","","","Heterótrofo","Riccialdelli, L., Newsome, S. D., Fogel, M. L., & Goodall, R. N. P. (2010). Isotopic assessment of prey and habitat preferences of a cetacean community in the southwestern South Atlantic Ocean. Marine Ecology Progress Series, 418, 235-248.",""
"","Illex_argentinus","","Lagenorhynchus_cruciger","","","Heterótrofo","Riccialdelli, L., Newsome, S. D., Fogel, M. L., & Goodall, R. N. P. (2010). Isotopic assessment of prey and habitat preferences of a cetacean community in the southwestern South Atlantic Ocean. Marine Ecology Progress Series, 418, 235-248.",""
"","Moroteuthis_ingens","","Lagenorhynchus_cruciger","","","Heterótrofo","Riccialdelli, L., Newsome, S. D., Fogel, M. L., & Goodall, R. N. P. (2010). Isotopic assessment of prey and habitat preferences of a cetacean community in the southwestern South Atlantic Ocean. Marine Ecology Progress Series, 418, 235-248.",""
"","Semirrosia_tenera","","Lagenorhynchus_cruciger","","","Heterótrofo","Riccialdelli, L., Newsome, S. D., Fogel, M. L., & Goodall, R. N. P. (2010). Isotopic assessment of prey and habitat preferences of a cetacean community in the southwestern South Atlantic Ocean. Marine Ecology Progress Series, 418, 235-248.",""
"","Enteroctopus_megalocyathus","","Lagenorhynchus_cruciger","","","Heterótrofo","Riccialdelli, L., Newsome, S. D., Fogel, M. L., & Goodall, R. N. P. (2010). Isotopic assessment of prey and habitat preferences of a cetacean community in the southwestern South Atlantic Ocean. Marine Ecology Progress Series, 418, 235-248.",""
"","Campylognathus_vagans","","Lagenorhynchus_cruciger","","","Heterótrofo","Riccialdelli, L., Newsome, S. D., Fogel, M. L., & Goodall, R. N. P. (2010). Isotopic assessment of prey and habitat preferences of a cetacean community in the southwestern South Atlantic Ocean. Marine Ecology Progress Series, 418, 235-248.",""
"","Munida_gregaria","","Lagenorhynchus_cruciger","","","Heterótrofo","Riccialdelli, L., Newsome, S. D., Fogel, M. L., & Goodall, R. N. P. (2010). Isotopic assessment of prey and habitat preferences of a cetacean community in the southwestern South Atlantic Ocean. Marine Ecology Progress Series, 418, 235-248.",""
"","Euphausia_lucens","","Lagenorhynchus_cruciger","","","Heterótrofo","Riccialdelli, L., Newsome, S. D., Fogel, M. L., & Goodall, R. N. P. (2010). Isotopic assessment of prey and habitat preferences of a cetacean community in the southwestern South Atlantic Ocean. Marine Ecology Progress Series, 418, 235-248.",""
"","Calanus_australis","","Lagenorhynchus_cruciger","","","Heterótrofo","Riccialdelli, L., Newsome, S. D., Fogel, M. L., & Goodall, R. N. P. (2010). Isotopic assessment of prey and habitat preferences of a cetacean community in the southwestern South Atlantic Ocean. Marine Ecology Progress Series, 418, 235-248.",""
"","Themisto_gaudichaudii","","Lagenorhynchus_cruciger","","","Heterótrofo","Riccialdelli, L., Newsome, S. D., Fogel, M. L., & Goodall, R. N. P. (2010). Isotopic assessment of prey and habitat preferences of a cetacean community in the southwestern South Atlantic Ocean. Marine Ecology Progress Series, 418, 235-248.",""
"","Zoarcids","","Lagenorhynchus_australis","","","Heterótrofo","Riccialdelli, L., Newsome, S. D., Fogel, M. L., & Goodall, R. N. P. (2010). Isotopic assessment of prey and habitat preferences of a cetacean community in the southwestern South Atlantic Ocean. Marine Ecology Progress Series, 418, 235-248.",""
"","Patagonotothen_sima","","Lagenorhynchus_australis","","","Heterótrofo","Riccialdelli, L., Newsome, S. D., Fogel, M. L., & Goodall, R. N. P. (2010). Isotopic assessment of prey and habitat preferences of a cetacean community in the southwestern South Atlantic Ocean. Marine Ecology Progress Series, 418, 235-248.",""
"","Patagonotothen_tessellata","","Lagenorhynchus_australis","","","Heterótrofo","Riccialdelli, L., Newsome, S. D., Fogel, M. L., & Goodall, R. N. P. (2010). Isotopic assessment of prey and habitat preferences of a cetacean community in the southwestern South Atlantic Ocean. Marine Ecology Progress Series, 418, 235-248.",""
"","Eleginops_maclovinus","","Lagenorhynchus_australis","","","Heterótrofo","Riccialdelli, L., Newsome, S. D., Fogel, M. L., & Goodall, R. N. P. (2010). Isotopic assessment of prey and habitat preferences of a cetacean community in the southwestern South Atlantic Ocean. Marine Ecology Progress Series, 418, 235-248.",""
"","Odonthestes","","Lagenorhynchus_australis","","","Heterótrofo","Riccialdelli, L., Newsome, S. D., Fogel, M. L., & Goodall, R. N. P. (2010). Isotopic assessment of prey and habitat preferences of a cetacean community in the southwestern South Atlantic Ocean. Marine Ecology Progress Series, 418, 235-248.",""
"","Micromesistius_australis","","Lissodelphis_peronii","","","Heterótrofo","Riccialdelli, L., Newsome, S. D., Fogel, M. L., & Goodall, R. N. P. (2010). Isotopic assessment of prey and habitat preferences of a cetacean community in the southwestern South Atlantic Ocean. Marine Ecology Progress Series, 418, 235-248.",""
"","Coelorinchus_fasciatus","","Lissodelphis_peronii","","","Heterótrofo","Riccialdelli, L., Newsome, S. D., Fogel, M. L., & Goodall, R. N. P. (2010). Isotopic assessment of prey and habitat preferences of a cetacean community in the southwestern South Atlantic Ocean. Marine Ecology Progress Series, 418, 235-248.",""
"","Nototenids","","Lissodelphis_peronii","","","Heterótrofo","Riccialdelli, L., Newsome, S. D., Fogel, M. L., & Goodall, R. N. P. (2010). Isotopic assessment of prey and habitat preferences of a cetacean community in the southwestern South Atlantic Ocean. Marine Ecology Progress Series, 418, 235-248.",""
"","Iluocoetes_fimbriatus","","Lissodelphis_peronii","","","Heterótrofo","Riccialdelli, L., Newsome, S. D., Fogel, M. L., & Goodall, R. N. P. (2010). Isotopic assessment of prey and habitat preferences of a cetacean community in the southwestern South Atlantic Ocean. Marine Ecology Progress Series, 418, 235-248.",""
"","Loligo_gahi","","Lissodelphis_peronii","","","Heterótrofo","Riccialdelli, L., Newsome, S. D., Fogel, M. L., & Goodall, R. N. P. (2010). Isotopic assessment of prey and habitat preferences of a cetacean community in the southwestern South Atlantic Ocean. Marine Ecology Progress Series, 418, 235-248.",""
"","Illex_argentinus","","Lissodelphis_peronii","","","Heterótrofo","Riccialdelli, L., Newsome, S. D., Fogel, M. L., & Goodall, R. N. P. (2010). Isotopic assessment of prey and habitat preferences of a cetacean community in the southwestern South Atlantic Ocean. Marine Ecology Progress Series, 418, 235-248.",""
"","Moroteuthis_ingens","","Lissodelphis_peronii","","","Heterótrofo","Riccialdelli, L., Newsome, S. D., Fogel, M. L., & Goodall, R. N. P. (2010). Isotopic assessment of prey and habitat preferences of a cetacean community in the southwestern South Atlantic Ocean. Marine Ecology Progress Series, 418, 235-248.",""
"","Merluccius_hubbsi","","Pseudorca_crassidens","","","Heterótrofo","Riccialdelli, L., Newsome, S. D., Fogel, M. L., & Goodall, R. N. P. (2010). Isotopic assessment of prey and habitat preferences of a cetacean community in the southwestern South Atlantic Ocean. Marine Ecology Progress Series, 418, 235-248.",""
"","Merluccius_australis","","Pseudorca_crassidens","","","Heterótrofo","Riccialdelli, L., Newsome, S. D., Fogel, M. L., & Goodall, R. N. P. (2010). Isotopic assessment of prey and habitat preferences of a cetacean community in the southwestern South Atlantic Ocean. Marine Ecology Progress Series, 418, 235-248.",""
"","Salilota_australis","","Pseudorca_crassidens","","","Heterótrofo","Riccialdelli, L., Newsome, S. D., Fogel, M. L., & Goodall, R. N. P. (2010). Isotopic assessment of prey and habitat preferences of a cetacean community in the southwestern South Atlantic Ocean. Marine Ecology Progress Series, 418, 235-248.",""
"","Macruronus_magellanicus","","Pseudorca_crassidens","","","Heterótrofo","Riccialdelli, L., Newsome, S. D., Fogel, M. L., & Goodall, R. N. P. (2010). Isotopic assessment of prey and habitat preferences of a cetacean community in the southwestern South Atlantic Ocean. Marine Ecology Progress Series, 418, 235-248.",""
"","Cottoperca_gobio","","Pseudorca_crassidens","","","Heterótrofo","Riccialdelli, L., Newsome, S. D., Fogel, M. L., & Goodall, R. N. P. (2010). Isotopic assessment of prey and habitat preferences of a cetacean community in the southwestern South Atlantic Ocean. Marine Ecology Progress Series, 418, 235-248.",""
"","Coelorinchus_fasciatus","","Pseudorca_crassidens","","","Heterótrofo","Riccialdelli, L., Newsome, S. D., Fogel, M. L., & Goodall, R. N. P. (2010). Isotopic assessment of prey and habitat preferences of a cetacean community in the southwestern South Atlantic Ocean. Marine Ecology Progress Series, 418, 235-248.",""
"","Iluocoetes_fimbriatus","","Pseudorca_crassidens","","","Heterótrofo","Riccialdelli, L., Newsome, S. D., Fogel, M. L., & Goodall, R. N. P. (2010). Isotopic assessment of prey and habitat preferences of a cetacean community in the southwestern South Atlantic Ocean. Marine Ecology Progress Series, 418, 235-248.",""
"","Cottunculus_granulosus","","Pseudorca_crassidens","","","Heterótrofo","Riccialdelli, L., Newsome, S. D., Fogel, M. L., & Goodall, R. N. P. (2010). Isotopic assessment of prey and habitat preferences of a cetacean community in the southwestern South Atlantic Ocean. Marine Ecology Progress Series, 418, 235-248.",""
"","Dissostichus_eleginoides","","Pseudorca_crassidens","","","Heterótrofo","Riccialdelli, L., Newsome, S. D., Fogel, M. L., & Goodall, R. N. P. (2010). Isotopic assessment of prey and habitat preferences of a cetacean community in the southwestern South Atlantic Ocean. Marine Ecology Progress Series, 418, 235-248.",""
"","Genypterus_blacodes","","Pseudorca_crassidens","","","Heterótrofo","Riccialdelli, L., Newsome, S. D., Fogel, M. L., & Goodall, R. N. P. (2010). Isotopic assessment of prey and habitat preferences of a cetacean community in the southwestern South Atlantic Ocean. Marine Ecology Progress Series, 418, 235-248.",""
"","Nototenids","","Pseudorca_crassidens","","","Heterótrofo","Riccialdelli, L., Newsome, S. D., Fogel, M. L., & Goodall, R. N. P. (2010). Isotopic assessment of prey and habitat preferences of a cetacean community in the southwestern South Atlantic Ocean. Marine Ecology Progress Series, 418, 235-248.",""
"","Micromesistius_australis","","Pseudorca_crassidens","","","Heterótrofo","Riccialdelli, L., Newsome, S. D., Fogel, M. L., & Goodall, R. N. P. (2010). Isotopic assessment of prey and habitat preferences of a cetacean community in the southwestern South Atlantic Ocean. Marine Ecology Progress Series, 418, 235-248.",""
"","Patagonotothen_ramsayi","","Pseudorca_crassidens","","","Heterótrofo","Riccialdelli, L., Newsome, S. D., Fogel, M. L., & Goodall, R. N. P. (2010). Isotopic assessment of prey and habitat preferences of a cetacean community in the southwestern South Atlantic Ocean. Marine Ecology Progress Series, 418, 235-248.",""
"","Pseudocythus_maculatus","","Pseudorca_crassidens","","","Heterótrofo","Riccialdelli, L., Newsome, S. D., Fogel, M. L., & Goodall, R. N. P. (2010). Isotopic assessment of prey and habitat preferences of a cetacean community in the southwestern South Atlantic Ocean. Marine Ecology Progress Series, 418, 235-248.",""
"","Myctophids","","Pseudorca_crassidens","","","Heterótrofo","Riccialdelli, L., Newsome, S. D., Fogel, M. L., & Goodall, R. N. P. (2010). Isotopic assessment of prey and habitat preferences of a cetacean community in the southwestern South Atlantic Ocean. Marine Ecology Progress Series, 418, 235-248.",""
"","Bathyraja_macloviana","","Pseudorca_crassidens","","","Heterótrofo","Riccialdelli, L., Newsome, S. D., Fogel, M. L., & Goodall, R. N. P. (2010). Isotopic assessment of prey and habitat preferences of a cetacean community in the southwestern South Atlantic Ocean. Marine Ecology Progress Series, 418, 235-248.",""
"","Eleginops_maclovinus","","Pseudorca_crassidens","","","Heterótrofo","Riccialdelli, L., Newsome, S. D., Fogel, M. L., & Goodall, R. N. P. (2010). Isotopic assessment of prey and habitat preferences of a cetacean community in the southwestern South Atlantic Ocean. Marine Ecology Progress Series, 418, 235-248.",""
"","Zoarcids","","Pseudorca_crassidens","","","Heterótrofo","Riccialdelli, L., Newsome, S. D., Fogel, M. L., & Goodall, R. N. P. (2010). Isotopic assessment of prey and habitat preferences of a cetacean community in the southwestern South Atlantic Ocean. Marine Ecology Progress Series, 418, 235-248.",""
"","Patagonotothen ","","Pseudorca_crassidens","","","Heterótrofo","Riccialdelli, L., Newsome, S. D., Fogel, M. L., & Goodall, R. N. P. (2010). Isotopic assessment of prey and habitat preferences of a cetacean community in the southwestern South Atlantic Ocean. Marine Ecology Progress Series, 418, 235-248.",""
"","Patagonotothen_sima","","Pseudorca_crassidens","","","Heterótrofo","Riccialdelli, L., Newsome, S. D., Fogel, M. L., & Goodall, R. N. P. (2010). Isotopic assessment of prey and habitat preferences of a cetacean community in the southwestern South Atlantic Ocean. Marine Ecology Progress Series, 418, 235-248.",""
"","Patagonotothen_tessellata","","Pseudorca_crassidens","","","Heterótrofo","Riccialdelli, L., Newsome, S. D., Fogel, M. L., & Goodall, R. N. P. (2010). Isotopic assessment of prey and habitat preferences of a cetacean community in the southwestern South Atlantic Ocean. Marine Ecology Progress Series, 418, 235-248.",""
"","Odonthestes","","Pseudorca_crassidens","","","Heterótrofo","Riccialdelli, L., Newsome, S. D., Fogel, M. L., & Goodall, R. N. P. (2010). Isotopic assessment of prey and habitat preferences of a cetacean community in the southwestern South Atlantic Ocean. Marine Ecology Progress Series, 418, 235-248.",""
"","Sprattus_fuegensis","","Pseudorca_crassidens","","","Heterótrofo","Riccialdelli, L., Newsome, S. D., Fogel, M. L., & Goodall, R. N. P. (2010). Isotopic assessment of prey and habitat preferences of a cetacean community in the southwestern South Atlantic Ocean. Marine Ecology Progress Series, 418, 235-248.",""
"","Loligo_gahi","","Pseudorca_crassidens","","","Heterótrofo","Riccialdelli, L., Newsome, S. D., Fogel, M. L., & Goodall, R. N. P. (2010). Isotopic assessment of prey and habitat preferences of a cetacean community in the southwestern South Atlantic Ocean. Marine Ecology Progress Series, 418, 235-248.",""
"","llex","","Pseudorca_crassidens","","","Heterótrofo","Riccialdelli, L., Newsome, S. D., Fogel, M. L., & Goodall, R. N. P. (2010). Isotopic assessment of prey and habitat preferences of a cetacean community in the southwestern South Atlantic Ocean. Marine Ecology Progress Series, 418, 235-248.",""
"","Illex_argentinus","","Pseudorca_crassidens","","","Heterótrofo","Riccialdelli, L., Newsome, S. D., Fogel, M. L., & Goodall, R. N. P. (2010). Isotopic assessment of prey and habitat preferences of a cetacean community in the southwestern South Atlantic Ocean. Marine Ecology Progress Series, 418, 235-248.",""
"","Moroteuthis_ingens","","Pseudorca_crassidens","","","Heterótrofo","Riccialdelli, L., Newsome, S. D., Fogel, M. L., & Goodall, R. N. P. (2010). Isotopic assessment of prey and habitat preferences of a cetacean community in the southwestern South Atlantic Ocean. Marine Ecology Progress Series, 418, 235-248.",""
"","Semirrosia_tenera","","Pseudorca_crassidens","","","Heterótrofo","Riccialdelli, L., Newsome, S. D., Fogel, M. L., & Goodall, R. N. P. (2010). Isotopic assessment of prey and habitat preferences of a cetacean community in the southwestern South Atlantic Ocean. Marine Ecology Progress Series, 418, 235-248.",""
"","Enteroctopus_megalocyathus","","Pseudorca_crassidens","","","Heterótrofo","Riccialdelli, L., Newsome, S. D., Fogel, M. L., & Goodall, R. N. P. (2010). Isotopic assessment of prey and habitat preferences of a cetacean community in the southwestern South Atlantic Ocean. Marine Ecology Progress Series, 418, 235-248.",""
"","Campylognathus_vagans","","Pseudorca_crassidens","","","Heterótrofo","Riccialdelli, L., Newsome, S. D., Fogel, M. L., & Goodall, R. N. P. (2010). Isotopic assessment of prey and habitat preferences of a cetacean community in the southwestern South Atlantic Ocean. Marine Ecology Progress Series, 418, 235-248.",""
"","Munida_gregaria","","Pseudorca_crassidens","","","Heterótrofo","Riccialdelli, L., Newsome, S. D., Fogel, M. L., & Goodall, R. N. P. (2010). Isotopic assessment of prey and habitat preferences of a cetacean community in the southwestern South Atlantic Ocean. Marine Ecology Progress Series, 418, 235-248.",""
"","Euphausia_lucens","","Pseudorca_crassidens","","","Heterótrofo","Riccialdelli, L., Newsome, S. D., Fogel, M. L., & Goodall, R. N. P. (2010). Isotopic assessment of prey and habitat preferences of a cetacean community in the southwestern South Atlantic Ocean. Marine Ecology Progress Series, 418, 235-248.",""
"","Calanus_australis","","Pseudorca_crassidens","","","Heterótrofo","Riccialdelli, L., Newsome, S. D., Fogel, M. L., & Goodall, R. N. P. (2010). Isotopic assessment of prey and habitat preferences of a cetacean community in the southwestern South Atlantic Ocean. Marine Ecology Progress Series, 418, 235-248.",""
"","Themisto_gaudichaudii","","Pseudorca_crassidens","","","Heterótrofo","Riccialdelli, L., Newsome, S. D., Fogel, M. L., & Goodall, R. N. P. (2010). Isotopic assessment of prey and habitat preferences of a cetacean community in the southwestern South Atlantic Ocean. Marine Ecology Progress Series, 418, 235-248.",""
"","Odonthestes","","Cephalorhynchus_commersonii","","","Heterótrofo","Riccialdelli, L., Newsome, S. D., Fogel, M. L., & Goodall, R. N. P. (2010). Isotopic assessment of prey and habitat preferences of a cetacean community in the southwestern South Atlantic Ocean. Marine Ecology Progress Series, 418, 235-248.",""
"","Sprattus_fuegensis","","Cephalorhynchus_commersonii","","","Heterótrofo","Riccialdelli, L., Newsome, S. D., Fogel, M. L., & Goodall, R. N. P. (2010). Isotopic assessment of prey and habitat preferences of a cetacean community in the southwestern South Atlantic Ocean. Marine Ecology Progress Series, 418, 235-248.",""
"","Merluccius_hubbsi","","Cephalorhynchus_commersonii","","","Heterótrofo","Riccialdelli, L., Newsome, S. D., Fogel, M. L., & Goodall, R. N. P. (2010). Isotopic assessment of prey and habitat preferences of a cetacean community in the southwestern South Atlantic Ocean. Marine Ecology Progress Series, 418, 235-248.",""
"","Merluccius_australis","","Cephalorhynchus_commersonii","","","Heterótrofo","Riccialdelli, L., Newsome, S. D., Fogel, M. L., & Goodall, R. N. P. (2010). Isotopic assessment of prey and habitat preferences of a cetacean community in the southwestern South Atlantic Ocean. Marine Ecology Progress Series, 418, 235-248.",""
"","Salilota_australis","","Cephalorhynchus_commersonii","","","Heterótrofo","Riccialdelli, L., Newsome, S. D., Fogel, M. L., & Goodall, R. N. P. (2010). Isotopic assessment of prey and habitat preferences of a cetacean community in the southwestern South Atlantic Ocean. Marine Ecology Progress Series, 418, 235-248.",""
"","Nototenids","","Cephalorhynchus_commersonii","","","Heterótrofo","Riccialdelli, L., Newsome, S. D., Fogel, M. L., & Goodall, R. N. P. (2010). Isotopic assessment of prey and habitat preferences of a cetacean community in the southwestern South Atlantic Ocean. Marine Ecology Progress Series, 418, 235-248.",""
"","Micromesistius_australis","","Cephalorhynchus_commersonii","","","Heterótrofo","Riccialdelli, L., Newsome, S. D., Fogel, M. L., & Goodall, R. N. P. (2010). Isotopic assessment of prey and habitat preferences of a cetacean community in the southwestern South Atlantic Ocean. Marine Ecology Progress Series, 418, 235-248.",""
"","Genypterus_blacodes","","Cephalorhynchus_commersonii","","","Heterótrofo","Riccialdelli, L., Newsome, S. D., Fogel, M. L., & Goodall, R. N. P. (2010). Isotopic assessment of prey and habitat preferences of a cetacean community in the southwestern South Atlantic Ocean. Marine Ecology Progress Series, 418, 235-248.",""
"","Illex_argentinus","","Cephalorhynchus_commersonii","","","Heterótrofo","Riccialdelli, L., Newsome, S. D., Fogel, M. L., & Goodall, R. N. P. (2010). Isotopic assessment of prey and habitat preferences of a cetacean community in the southwestern South Atlantic Ocean. Marine Ecology Progress Series, 418, 235-248.",""
"","Loligo_gahi","","Cephalorhynchus_commersonii","","","Heterótrofo","Riccialdelli, L., Newsome, S. D., Fogel, M. L., & Goodall, R. N. P. (2010). Isotopic assessment of prey and habitat preferences of a cetacean community in the southwestern South Atlantic Ocean. Marine Ecology Progress Series, 418, 235-248.",""
"","Merluccius_hubbsi","","Phocoena_dioptrica","","","Heterótrofo","Riccialdelli, L., Newsome, S. D., Fogel, M. L., & Goodall, R. N. P. (2010). Isotopic assessment of prey and habitat preferences of a cetacean community in the southwestern South Atlantic Ocean. Marine Ecology Progress Series, 418, 235-248.",""
"","Merluccius_australis","","Phocoena_dioptrica","","","Heterótrofo","Riccialdelli, L., Newsome, S. D., Fogel, M. L., & Goodall, R. N. P. (2010). Isotopic assessment of prey and habitat preferences of a cetacean community in the southwestern South Atlantic Ocean. Marine Ecology Progress Series, 418, 235-248.",""
"","Salilota_australis","","Phocoena_dioptrica","","","Heterótrofo","Riccialdelli, L., Newsome, S. D., Fogel, M. L., & Goodall, R. N. P. (2010). Isotopic assessment of prey and habitat preferences of a cetacean community in the southwestern South Atlantic Ocean. Marine Ecology Progress Series, 418, 235-248.",""
"","Macruronus_magellanicus","","Phocoena_dioptrica","","","Heterótrofo","Riccialdelli, L., Newsome, S. D., Fogel, M. L., & Goodall, R. N. P. (2010). Isotopic assessment of prey and habitat preferences of a cetacean community in the southwestern South Atlantic Ocean. Marine Ecology Progress Series, 418, 235-248.",""
"","Cottoperca_gobio","","Phocoena_dioptrica","","","Heterótrofo","Riccialdelli, L., Newsome, S. D., Fogel, M. L., & Goodall, R. N. P. (2010). Isotopic assessment of prey and habitat preferences of a cetacean community in the southwestern South Atlantic Ocean. Marine Ecology Progress Series, 418, 235-248.",""
"","Coelorinchus_fasciatus","","Phocoena_dioptrica","","","Heterótrofo","Riccialdelli, L., Newsome, S. D., Fogel, M. L., & Goodall, R. N. P. (2010). Isotopic assessment of prey and habitat preferences of a cetacean community in the southwestern South Atlantic Ocean. Marine Ecology Progress Series, 418, 235-248.",""
"","Iluocoetes_fimbriatus","","Phocoena_dioptrica","","","Heterótrofo","Riccialdelli, L., Newsome, S. D., Fogel, M. L., & Goodall, R. N. P. (2010). Isotopic assessment of prey and habitat preferences of a cetacean community in the southwestern South Atlantic Ocean. Marine Ecology Progress Series, 418, 235-248.",""
"","Cottunculus_granulosus","","Phocoena_dioptrica","","","Heterótrofo","Riccialdelli, L., Newsome, S. D., Fogel, M. L., & Goodall, R. N. P. (2010). Isotopic assessment of prey and habitat preferences of a cetacean community in the southwestern South Atlantic Ocean. Marine Ecology Progress Series, 418, 235-248.",""
"","Dissostichus_eleginoides","","Phocoena_dioptrica","","","Heterótrofo","Riccialdelli, L., Newsome, S. D., Fogel, M. L., & Goodall, R. N. P. (2010). Isotopic assessment of prey and habitat preferences of a cetacean community in the southwestern South Atlantic Ocean. Marine Ecology Progress Series, 418, 235-248.",""
"","Genypterus_blacodes","","Phocoena_dioptrica","","","Heterótrofo","Riccialdelli, L., Newsome, S. D., Fogel, M. L., & Goodall, R. N. P. (2010). Isotopic assessment of prey and habitat preferences of a cetacean community in the southwestern South Atlantic Ocean. Marine Ecology Progress Series, 418, 235-248.",""
"","Nototenids","","Phocoena_dioptrica","","","Heterótrofo","Riccialdelli, L., Newsome, S. D., Fogel, M. L., & Goodall, R. N. P. (2010). Isotopic assessment of prey and habitat preferences of a cetacean community in the southwestern South Atlantic Ocean. Marine Ecology Progress Series, 418, 235-248.",""
"","Micromesistius_australis","","Phocoena_dioptrica","","","Heterótrofo","Riccialdelli, L., Newsome, S. D., Fogel, M. L., & Goodall, R. N. P. (2010). Isotopic assessment of prey and habitat preferences of a cetacean community in the southwestern South Atlantic Ocean. Marine Ecology Progress Series, 418, 235-248.",""
"","Patagonotothen_ramsayi","","Phocoena_dioptrica","","","Heterótrofo","Riccialdelli, L., Newsome, S. D., Fogel, M. L., & Goodall, R. N. P. (2010). Isotopic assessment of prey and habitat preferences of a cetacean community in the southwestern South Atlantic Ocean. Marine Ecology Progress Series, 418, 235-248.",""
"","Pseudocythus_maculatus","","Phocoena_dioptrica","","","Heterótrofo","Riccialdelli, L., Newsome, S. D., Fogel, M. L., & Goodall, R. N. P. (2010). Isotopic assessment of prey and habitat preferences of a cetacean community in the southwestern South Atlantic Ocean. Marine Ecology Progress Series, 418, 235-248.",""
"","Myctophids","","Phocoena_dioptrica","","","Heterótrofo","Riccialdelli, L., Newsome, S. D., Fogel, M. L., & Goodall, R. N. P. (2010). Isotopic assessment of prey and habitat preferences of a cetacean community in the southwestern South Atlantic Ocean. Marine Ecology Progress Series, 418, 235-248.",""
"","Bathyraja_macloviana","","Phocoena_dioptrica","","","Heterótrofo","Riccialdelli, L., Newsome, S. D., Fogel, M. L., & Goodall, R. N. P. (2010). Isotopic assessment of prey and habitat preferences of a cetacean community in the southwestern South Atlantic Ocean. Marine Ecology Progress Series, 418, 235-248.",""
"","Eleginops_maclovinus","","Phocoena_dioptrica","","","Heterótrofo","Riccialdelli, L., Newsome, S. D., Fogel, M. L., & Goodall, R. N. P. (2010). Isotopic assessment of prey and habitat preferences of a cetacean community in the southwestern South Atlantic Ocean. Marine Ecology Progress Series, 418, 235-248.",""
"","Zoarcids","","Phocoena_dioptrica","","","Heterótrofo","Riccialdelli, L., Newsome, S. D., Fogel, M. L., & Goodall, R. N. P. (2010). Isotopic assessment of prey and habitat preferences of a cetacean community in the southwestern South Atlantic Ocean. Marine Ecology Progress Series, 418, 235-248.",""
"","Patagonotothen ","","Phocoena_dioptrica","","","Heterótrofo","Riccialdelli, L., Newsome, S. D., Fogel, M. L., & Goodall, R. N. P. (2010). Isotopic assessment of prey and habitat preferences of a cetacean community in the southwestern South Atlantic Ocean. Marine Ecology Progress Series, 418, 235-248.",""
"","Patagonotothen_sima","","Phocoena_dioptrica","","","Heterótrofo","Riccialdelli, L., Newsome, S. D., Fogel, M. L., & Goodall, R. N. P. (2010). Isotopic assessment of prey and habitat preferences of a cetacean community in the southwestern South Atlantic Ocean. Marine Ecology Progress Series, 418, 235-248.",""
"","Patagonotothen_tessellata","","Phocoena_dioptrica","","","Heterótrofo","Riccialdelli, L., Newsome, S. D., Fogel, M. L., & Goodall, R. N. P. (2010). Isotopic assessment of prey and habitat preferences of a cetacean community in the southwestern South Atlantic Ocean. Marine Ecology Progress Series, 418, 235-248.",""
"","Odonthestes","","Phocoena_dioptrica","","","Heterótrofo","Riccialdelli, L., Newsome, S. D., Fogel, M. L., & Goodall, R. N. P. (2010). Isotopic assessment of prey and habitat preferences of a cetacean community in the southwestern South Atlantic Ocean. Marine Ecology Progress Series, 418, 235-248.",""
"","Sprattus_fuegensis","","Phocoena_dioptrica","","","Heterótrofo","Riccialdelli, L., Newsome, S. D., Fogel, M. L., & Goodall, R. N. P. (2010). Isotopic assessment of prey and habitat preferences of a cetacean community in the southwestern South Atlantic Ocean. Marine Ecology Progress Series, 418, 235-248.",""
"","Loligo_gahi","","Phocoena_dioptrica","","","Heterótrofo","Riccialdelli, L., Newsome, S. D., Fogel, M. L., & Goodall, R. N. P. (2010). Isotopic assessment of prey and habitat preferences of a cetacean community in the southwestern South Atlantic Ocean. Marine Ecology Progress Series, 418, 235-248.",""
"","llex","","Phocoena_dioptrica","","","Heterótrofo","Riccialdelli, L., Newsome, S. D., Fogel, M. L., & Goodall, R. N. P. (2010). Isotopic assessment of prey and habitat preferences of a cetacean community in the southwestern South Atlantic Ocean. Marine Ecology Progress Series, 418, 235-248.",""
"","Illex_argentinus","","Phocoena_dioptrica","","","Heterótrofo","Riccialdelli, L., Newsome, S. D., Fogel, M. L., & Goodall, R. N. P. (2010). Isotopic assessment of prey and habitat preferences of a cetacean community in the southwestern South Atlantic Ocean. Marine Ecology Progress Series, 418, 235-248.",""
"","Moroteuthis_ingens","","Phocoena_dioptrica","","","Heterótrofo","Riccialdelli, L., Newsome, S. D., Fogel, M. L., & Goodall, R. N. P. (2010). Isotopic assessment of prey and habitat preferences of a cetacean community in the southwestern South Atlantic Ocean. Marine Ecology Progress Series, 418, 235-248.",""
"","Semirrosia_tenera","","Phocoena_dioptrica","","","Heterótrofo","Riccialdelli, L., Newsome, S. D., Fogel, M. L., & Goodall, R. N. P. (2010). Isotopic assessment of prey and habitat preferences of a cetacean community in the southwestern South Atlantic Ocean. Marine Ecology Progress Series, 418, 235-248.",""
"","Enteroctopus_megalocyathus","","Phocoena_dioptrica","","","Heterótrofo","Riccialdelli, L., Newsome, S. D., Fogel, M. L., & Goodall, R. N. P. (2010). Isotopic assessment of prey and habitat preferences of a cetacean community in the southwestern South Atlantic Ocean. Marine Ecology Progress Series, 418, 235-248.",""
"","Campylognathus_vagans","","Phocoena_dioptrica","","","Heterótrofo","Riccialdelli, L., Newsome, S. D., Fogel, M. L., & Goodall, R. N. P. (2010). Isotopic assessment of prey and habitat preferences of a cetacean community in the southwestern South Atlantic Ocean. Marine Ecology Progress Series, 418, 235-248.",""
"","Munida_gregaria","","Phocoena_dioptrica","","","Heterótrofo","Riccialdelli, L., Newsome, S. D., Fogel, M. L., & Goodall, R. N. P. (2010). Isotopic assessment of prey and habitat preferences of a cetacean community in the southwestern South Atlantic Ocean. Marine Ecology Progress Series, 418, 235-248.",""
"","Euphausia_lucens","","Phocoena_dioptrica","","","Heterótrofo","Riccialdelli, L., Newsome, S. D., Fogel, M. L., & Goodall, R. N. P. (2010). Isotopic assessment of prey and habitat preferences of a cetacean community in the southwestern South Atlantic Ocean. Marine Ecology Progress Series, 418, 235-248.",""
"","Calanus_australis","","Phocoena_dioptrica","","","Heterótrofo","Riccialdelli, L., Newsome, S. D., Fogel, M. L., & Goodall, R. N. P. (2010). Isotopic assessment of prey and habitat preferences of a cetacean community in the southwestern South Atlantic Ocean. Marine Ecology Progress Series, 418, 235-248.",""
"","Themisto_gaudichaudii","","Phocoena_dioptrica","","","Heterótrofo","Riccialdelli, L., Newsome, S. D., Fogel, M. L., & Goodall, R. N. P. (2010). Isotopic assessment of prey and habitat preferences of a cetacean community in the southwestern South Atlantic Ocean. Marine Ecology Progress Series, 418, 235-248.",""
"","Odonthestes","","Phocoena_spinipinnis","","","Heterótrofo","Riccialdelli, L., Newsome, S. D., Fogel, M. L., & Goodall, R. N. P. (2010). Isotopic assessment of prey and habitat preferences of a cetacean community in the southwestern South Atlantic Ocean. Marine Ecology Progress Series, 418, 235-248.",""
"","Sprattus fuegensis","","Phocoena_spinipinnis","","","Heterótrofo","Riccialdelli, L., Newsome, S. D., Fogel, M. L., & Goodall, R. N. P. (2010). Isotopic assessment of prey and habitat preferences of a cetacean community in the southwestern South Atlantic Ocean. Marine Ecology Progress Series, 418, 235-248.",""
"","Merluccius_hubbsi","","Phocoena_spinipinnis","","","Heterótrofo","Riccialdelli, L., Newsome, S. D., Fogel, M. L., & Goodall, R. N. P. (2010). Isotopic assessment of prey and habitat preferences of a cetacean community in the southwestern South Atlantic Ocean. Marine Ecology Progress Series, 418, 235-248.",""
"","Merluccius_australis","","Phocoena_spinipinnis","","","Heterótrofo","Riccialdelli, L., Newsome, S. D., Fogel, M. L., & Goodall, R. N. P. (2010). Isotopic assessment of prey and habitat preferences of a cetacean community in the southwestern South Atlantic Ocean. Marine Ecology Progress Series, 418, 235-248.",""
"","Salilota_australis","","Phocoena_spinipinnis","","","Heterótrofo","Riccialdelli, L., Newsome, S. D., Fogel, M. L., & Goodall, R. N. P. (2010). Isotopic assessment of prey and habitat preferences of a cetacean community in the southwestern South Atlantic Ocean. Marine Ecology Progress Series, 418, 235-248.",""
"","Nototenids","","Phocoena_spinipinnis","","","Heterótrofo","Riccialdelli, L., Newsome, S. D., Fogel, M. L., & Goodall, R. N. P. (2010). Isotopic assessment of prey and habitat preferences of a cetacean community in the southwestern South Atlantic Ocean. Marine Ecology Progress Series, 418, 235-248.",""
"","Micromesistius_australis","","Phocoena_spinipinnis","","","Heterótrofo","Riccialdelli, L., Newsome, S. D., Fogel, M. L., & Goodall, R. N. P. (2010). Isotopic assessment of prey and habitat preferences of a cetacean community in the southwestern South Atlantic Ocean. Marine Ecology Progress Series, 418, 235-248.",""
"","Genypterus_blacodes","","Phocoena_spinipinnis","","","Heterótrofo","Riccialdelli, L., Newsome, S. D., Fogel, M. L., & Goodall, R. N. P. (2010). Isotopic assessment of prey and habitat preferences of a cetacean community in the southwestern South Atlantic Ocean. Marine Ecology Progress Series, 418, 235-248.",""
"","Illex_argentinus","","Phocoena_spinipinnis","","","Heterótrofo","Riccialdelli, L., Newsome, S. D., Fogel, M. L., & Goodall, R. N. P. (2010). Isotopic assessment of prey and habitat preferences of a cetacean community in the southwestern South Atlantic Ocean. Marine Ecology Progress Series, 418, 235-248.",""
"","Loligo_gahi","","Phocoena_spinipinnis","","","Heterótrofo","Riccialdelli, L., Newsome, S. D., Fogel, M. L., & Goodall, R. N. P. (2010). Isotopic assessment of prey and habitat preferences of a cetacean community in the southwestern South Atlantic Ocean. Marine Ecology Progress Series, 418, 235-248.",""
"","Cephalopods","","Globicephala_melas","","","Heterótrofo","Van Waerebeek, K., Leaper, R., Baker, A. N., Papastavrou, V., Thiele, D. E. B. O. R. A. H., Findlay, K., ... & Ensor, P. A. U. L. (2010). Odontocetes of the southern ocean sanctuary. Journal of Cetacean Research and Management, 11(3), 315-346.",""
"","Ancistrocheirus","","Thalassarche_chrysostoma","","","Heterótrofo","Van Waerebeek, K., Leaper, R., Baker, A. N., Papastavrou, V., Thiele, D. E. B. O. R. A. H., Findlay, K., ... & Ensor, P. A. U. L. (2010). Odontocetes of the southern ocean sanctuary. Journal of Cetacean Research and Management, 11(3), 315-346.",""
"","Ancistrocheirus","","Thalassarche_melanophris","","","Heterótrofo","Rosciano, N. G., Polito, M. J., & Rey, A. R. (2016). Do penguins share? Evidence of foraging niche segregation between but not within two sympatric, central-place foragers. Marine Ecology Progress Series, 548, 249-262.",""
"","Zooplankton","","Spheniscus_magellanicus_female","","","Heterótrofo","Rosciano, N. G., Polito, M. J., & Rey, A. R. (2016). Do penguins share? Evidence of foraging niche segregation between but not within two sympatric, central-place foragers. Marine Ecology Progress Series, 548, 249-262.",""
"","Cephalopods","","Spheniscus_magellanicus_female","","","Heterótrofo","Rosciano, N. G., Polito, M. J., & Rey, A. R. (2016). Do penguins share? Evidence of foraging niche segregation between but not within two sympatric, central-place foragers. Marine Ecology Progress Series, 548, 249-262.",""
"","Zooplankton","","Spheniscus_magellanicus_male","","","","Rosciano, N. G., Polito, M. J., & Rey, A. R. (2016). Do penguins share? Evidence of foraging niche segregation between but not within two sympatric, central-place foragers. Marine Ecology Progress Series, 548, 249-262.",""
"","Cephalopods","","Spheniscus_magellanicus_male","","","","Rosciano, N. G., Polito, M. J., & Rey, A. R. (2016). Do penguins share? Evidence of foraging niche segregation between but not within two sympatric, central-place foragers. Marine Ecology Progress Series, 548, 249-262.",""
"","Zooplankton","","Otaria","","","","Rosciano, N. G., Polito, M. J., & Rey, A. R. (2016). Do penguins share? Evidence of foraging niche segregation between but not within two sympatric, central-place foragers. Marine Ecology Progress Series, 548, 249-262.",""
"","Cephalopods","","Otaria","","","","Rosciano, N. G., Polito, M. J., & Rey, A. R. (2016). Do penguins share? Evidence of foraging niche segregation between but not within two sympatric, central-place foragers. Marine Ecology Progress Series, 548, 249-262.",""
"","Zooplankton","","Delphinus","","","","Rosciano, N. G., Polito, M. J., & Rey, A. R. (2016). Do penguins share? Evidence of foraging niche segregation between but not within two sympatric, central-place foragers. Marine Ecology Progress Series, 548, 249-262.",""
"","Cephalopods","","Delphinus","","","","Rosciano, N. G., Polito, M. J., & Rey, A. R. (2016). Do penguins share? Evidence of foraging niche segregation between but not within two sympatric, central-place foragers. Marine Ecology Progress Series, 548, 249-262.",""
"","Themisto_gaudichaudii","","Spheniscus_magellanicus_female","","","","Rosciano, N. G., Polito, M. J., & Rey, A. R. (2016). Do penguins share? Evidence of foraging niche segregation between but not within two sympatric, central-place foragers. Marine Ecology Progress Series, 548, 249-262.",""
"","Euphausiacea","","Spheniscus_magellanicus_female","","","","Rosciano, N. G., Polito, M. J., & Rey, A. R. (2016). Do penguins share? Evidence of foraging niche segregation between but not within two sympatric, central-place foragers. Marine Ecology Progress Series, 548, 249-262.",""
"","Amphipoda ","","Spheniscus_magellanicus_female","","","","Rosciano, N. G., Polito, M. J., & Rey, A. R. (2016). Do penguins share? Evidence of foraging niche segregation between but not within two sympatric, central-place foragers. Marine Ecology Progress Series, 548, 249-262.",""
"","Themisto_gaudichaudii","","Spheniscus_magellanicus_male","","","","Rosciano, N. G., Polito, M. J., & Rey, A. R. (2016). Do penguins share? Evidence of foraging niche segregation between but not within two sympatric, central-place foragers. Marine Ecology Progress Series, 548, 249-262.",""
"","Euphausiacea","","Spheniscus_magellanicus_male","","","","Rosciano, N. G., Polito, M. J., & Rey, A. R. (2016). Do penguins share? Evidence of foraging niche segregation between but not within two sympatric, central-place foragers. Marine Ecology Progress Series, 548, 249-262.",""
"","Amphipoda ","","Spheniscus_magellanicus_male","","","","Rosciano, N. G., Polito, M. J., & Rey, A. R. (2016). Do penguins share? Evidence of foraging niche segregation between but not within two sympatric, central-place foragers. Marine Ecology Progress Series, 548, 249-262.",""
"","Sprattus_fuegensis","","Spheniscus_magellanicus_male","","","","Rosciano, N. G., Polito, M. J., & Rey, A. R. (2016). Do penguins share? Evidence of foraging niche segregation between but not within two sympatric, central-place foragers. Marine Ecology Progress Series, 548, 249-262.",""
"","Sprattus_fuegensis","","Spheniscus_magellanicus_female","","","","Rosciano, N. G., Polito, M. J., & Rey, A. R. (2016). Do penguins share? Evidence of foraging niche segregation between but not within two sympatric, central-place foragers. Marine Ecology Progress Series, 548, 249-262.",""
"","Munida_gregaria","","Spheniscus_magellanicus_male","","","","Rosciano, N. G., Polito, M. J., & Rey, A. R. (2016). Do penguins share? Evidence of foraging niche segregation between but not within two sympatric, central-place foragers. Marine Ecology Progress Series, 548, 249-262.",""
"","Munida_gregaria","","Spheniscus_magellanicus_female","","","","Rosciano, N. G., Polito, M. J., & Rey, A. R. (2016). Do penguins share? Evidence of foraging niche segregation between but not within two sympatric, central-place foragers. Marine Ecology Progress Series, 548, 249-262.",""
"","Loligo_gahi","","Spheniscus_magellanicus_male","","","","Rosciano, N. G., Polito, M. J., & Rey, A. R. (2016). Do penguins share? Evidence of foraging niche segregation between but not within two sympatric, central-place foragers. Marine Ecology Progress Series, 548, 249-262.",""
"","Loligo_gahi","","Spheniscus_magellanicus_female","","","","Rosciano, N. G., Polito, M. J., & Rey, A. R. (2016). Do penguins share? Evidence of foraging niche segregation between but not within two sympatric, central-place foragers. Marine Ecology Progress Series, 548, 249-262.",""
"","Engraulidae","","Spheniscus_magellanicus_male","","","","Rosciano, N. G., Polito, M. J., & Rey, A. R. (2016). Do penguins share? Evidence of foraging niche segregation between but not within two sympatric, central-place foragers. Marine Ecology Progress Series, 548, 249-262.",""
"","Engraulidae","","Spheniscus_magellanicus_female","","","","Rosciano, N. G., Polito, M. J., & Rey, A. R. (2016). Do penguins share? Evidence of foraging niche segregation between but not within two sympatric, central-place foragers. Marine Ecology Progress Series, 548, 249-262.",""
"","Loligo_gahi","","Berardius_arnuxii","","","","",""
"","Illex_argentinus","","Berardius_arnuxii","","","","",""
"","Macruronus_magellanicus","","Berardius_arnuxii","","","","",""
"","Merluccius_australis","","Berardius_arnuxii","","","","",""
"","Champsocephalus_aceratus","","Berardius_arnuxii","","","","",""
"","Galiteuthis_glacialis","","Berardius_arnuxii","","","","",""
"","Euphausia_lucens","","Berardius_arnuxii","","","","",""
"","Euphausia_superba","","Berardius_arnuxii","","","","",""
"","Taonius","","Berardius_arnuxii","","","","",""
"","Histioteuthis_atlantica","","Berardius_arnuxii","","","","",""
"","Histioteuthis_macrohista","","Berardius_arnuxii","","","","",""
"","Gonatus_antarcticus","","Berardius_arnuxii","","","","",""
"","Kondakovia_longimana","","Berardius_arnuxii","","","","",""
"","Batoteuthis_skolops","","Berardius_arnuxii","","","","",""
"","Galiteuthis_glacialis","","Berardius_arnuxii","","","","",""
"","Dissostichus_eleginoides","","Berardius_arnuxii","","","","",""
"","Micromesistius_australis","","Berardius_arnuxii","","","","",""
"","Macruronus_magellanicus","","Berardius_arnuxii","","","","",""
"","Merluccius_australis","","Berardius_arnuxii","","","","",""
"","Gobionotothen_gibberifrons","","Berardius_arnuxii","","","","",""
"","Chaenocephalus_aceratus","","Berardius_arnuxii","","","","",""
"","Champsocephalus_gunnari","","Berardius_arnuxii","","","","",""
"","Chionodraco_rastrospinosus","","Berardius_arnuxii","","","","",""
"","Lepidonotothen_kempi","","Berardius_arnuxii","","","","",""
"","Nototheniops_larseni","","Berardius_arnuxii","","","","",""
"","Pseudochaenichthys_georgianus","","Berardius_arnuxii","","","","",""
"","Loligo_gahi","","Hyperoodon_planifrons","","","","",""
"","Illex_argentinus","","Hyperoodon_planifrons","","","","",""
"","Macruronus_magellanicus","","Hyperoodon_planifrons","","","","",""
"","Merluccius_australis","","Hyperoodon_planifrons","","","","",""
"","Champsocephalus_aceratus","","Hyperoodon_planifrons","","","","",""
"","Galiteuthis_glacialis","","Hyperoodon_planifrons","","","","",""
"","Euphausia_lucens","","Hyperoodon_planifrons","","","","",""
"","Euphausia_superba","","Hyperoodon_planifrons","","","","",""
"","Taonius","","Hyperoodon_planifrons","","","","",""
"","Histioteuthis_atlantica","","Hyperoodon_planifrons","","","","",""
"","Histioteuthis_macrohista","","Hyperoodon_planifrons","","","","",""
"","Gonatus_antarcticus","","Hyperoodon_planifrons","","","","",""
"","Kondakovia_longimana","","Hyperoodon_planifrons","","","","",""
"","Batoteuthis_skolops","","Hyperoodon_planifrons","","","","",""
"","Galiteuthis_glacialis","","Hyperoodon_planifrons","","","","",""
"","Dissostichus_eleginoides","","Hyperoodon_planifrons","","","","",""
"","Micromesistius_australis","","Hyperoodon_planifrons","","","","",""
"","Macruronus_magellanicus","","Hyperoodon_planifrons","","","","",""
"","Merluccius_australis","","Hyperoodon_planifrons","","","","",""
"","Gobionotothen_gibberifrons","","Hyperoodon_planifrons","","","","",""
"","Chaenocephalus_aceratus","","Hyperoodon_planifrons","","","","",""
"","Champsocephalus_gunnari","","Hyperoodon_planifrons","","","","",""
"","Chionodraco_rastrospinosus","","Hyperoodon_planifrons","","","","",""
"","Lepidonotothen_kempi","","Hyperoodon_planifrons","","","","",""
"","Nototheniops_larseni","","Hyperoodon_planifrons","","","","",""
"","Pseudochaenichthys_georgianus","","Hyperoodon_planifrons","","","","",""
"","Loligo_gahi","","Mesoplodon_bowdoini","","","","",""
"","Illex_argentinus","","Mesoplodon_bowdoini","","","","",""
"","Macruronus_magellanicus","","Mesoplodon_bowdoini","","","","",""
"","Merluccius_australis","","Mesoplodon_bowdoini","","","","",""
"","Champsocephalus_aceratus","","Mesoplodon_bowdoini","","","","",""
"","Galiteuthis_glacialis","","Mesoplodon_bowdoini","","","","",""
"","Euphausia_lucens","","Mesoplodon_bowdoini","","","","",""
"","Euphausia_superba","","Mesoplodon_bowdoini","","","","",""
"","Taonius","","Mesoplodon_bowdoini","","","","",""
"","Histioteuthis_atlantica","","Mesoplodon_bowdoini","","","","",""
"","Histioteuthis_macrohista","","Mesoplodon_bowdoini","","","","",""
"","Gonatus_antarcticus","","Mesoplodon_bowdoini","","","","",""
"","Kondakovia_longimana","","Mesoplodon_bowdoini","","","","",""
"","Batoteuthis_skolops","","Mesoplodon_bowdoini","","","","",""
"","Galiteuthis_glacialis","","Mesoplodon_bowdoini","","","","",""
"","Dissostichus_eleginoides","","Mesoplodon_bowdoini","","","","",""
"","Micromesistius_australis","","Mesoplodon_bowdoini","","","","",""
"","Macruronus_magellanicus","","Mesoplodon_bowdoini","","","","",""
"","Merluccius_australis","","Mesoplodon_bowdoini","","","","",""
"","Gobionotothen_gibberifrons","","Mesoplodon_bowdoini","","","","",""
"","Chaenocephalus_aceratus","","Mesoplodon_bowdoini","","","","",""
"","Champsocephalus_gunnari","","Mesoplodon_bowdoini","","","","",""
"","Chionodraco_rastrospinosus","","Mesoplodon_bowdoini","","","","",""
"","Lepidonotothen_kempi","","Mesoplodon_bowdoini","","","","",""
"","Nototheniops_larseni","","Mesoplodon_bowdoini","","","","",""
"","Pseudochaenichthys_georgianus","","Mesoplodon_bowdoini","","","","",""
"","Loligo_gahi","","Mesoplodon_grayi","","","","",""
"","Illex_argentinus","","Mesoplodon_grayi","","","","",""
"","Macruronus_magellanicus","","Mesoplodon_grayi","","","","",""
"","Merluccius_australis","","Mesoplodon_grayi","","","","",""
"","Champsocephalus_aceratus","","Mesoplodon_grayi","","","","",""
"","Galiteuthis_glacialis","","Mesoplodon_grayi","","","","",""
"","Euphausia_lucens","","Mesoplodon_grayi","","","","",""
"","Euphausia_superba","","Mesoplodon_grayi","","","","",""
"","Taonius","","Mesoplodon_grayi","","","","",""
"","Histioteuthis_atlantica","","Mesoplodon_grayi","","","","",""
"","Histioteuthis_macrohista","","Mesoplodon_grayi","","","","",""
"","Gonatus_antarcticus","","Mesoplodon_grayi","","","","",""
"","Kondakovia_longimana","","Mesoplodon_grayi","","","","",""
"","Batoteuthis_skolops","","Mesoplodon_grayi","","","","",""
"","Galiteuthis_glacialis","","Mesoplodon_grayi","","","","",""
"","Dissostichus_eleginoides","","Mesoplodon_grayi","","","","",""
"","Micromesistius_australis","","Mesoplodon_grayi","","","","",""
"","Macruronus_magellanicus","","Mesoplodon_grayi","","","","",""
"","Merluccius_australis","","Mesoplodon_grayi","","","","",""
"","Gobionotothen_gibberifrons","","Mesoplodon_grayi","","","","",""
"","Chaenocephalus_aceratus","","Mesoplodon_grayi","","","","",""
"","Champsocephalus_gunnari","","Mesoplodon_grayi","","","","",""
"","Chionodraco_rastrospinosus","","Mesoplodon_grayi","","","","",""
"","Lepidonotothen_kempi","","Mesoplodon_grayi","","","","",""
"","Nototheniops_larseni","","Mesoplodon_grayi","","","","",""
"","Pseudochaenichthys_georgianus","","Mesoplodon_grayi","","","","",""
"","Loligo_gahi","","Mesoplodon_hectori","","","","",""
"","Illex_argentinus","","Mesoplodon_hectori","","","","",""
"","Macruronus_magellanicus","","Mesoplodon_hectori","","","","",""
"","Merluccius_australis","","Mesoplodon_hectori","","","","",""
"","Champsocephalus_aceratus","","Mesoplodon_hectori","","","","",""
"","Galiteuthis_glacialis","","Mesoplodon_hectori","","","","",""
"","Euphausia_lucens","","Mesoplodon_hectori","","","","",""
"","Euphausia_superba","","Mesoplodon_hectori","","","","",""
"","Taonius","","Mesoplodon_hectori","","","","",""
"","Histioteuthis_atlantica","","Mesoplodon_hectori","","","","",""
"","Histioteuthis_macrohista","","Mesoplodon_hectori","","","","",""
"","Gonatus_antarcticus","","Mesoplodon_hectori","","","","",""
"","Kondakovia_longimana","","Mesoplodon_hectori","","","","",""
"","Batoteuthis_skolops","","Mesoplodon_hectori","","","","",""
"","Galiteuthis_glacialis","","Mesoplodon_hectori","","","","",""
"","Dissostichus_eleginoides","","Mesoplodon_hectori","","","","",""
"","Micromesistius_australis","","Mesoplodon_hectori","","","","",""
"","Macruronus_magellanicus","","Mesoplodon_hectori","","","","",""
"","Merluccius_australis","","Mesoplodon_hectori","","","","",""
"","Gobionotothen_gibberifrons","","Mesoplodon_hectori","","","","",""
"","Chaenocephalus_aceratus","","Mesoplodon_hectori","","","","",""
"","Champsocephalus_gunnari","","Mesoplodon_hectori","","","","",""
"","Chionodraco_rastrospinosus","","Mesoplodon_hectori","","","","",""
"","Lepidonotothen_kempi","","Mesoplodon_hectori","","","","",""
"","Nototheniops_larseni","","Mesoplodon_hectori","","","","",""
"","Pseudochaenichthys_georgianus","","Mesoplodon_hectori","","","","",""
"","Loligo_gahi","","Mesoplodon_layardii","","","","",""
"","Illex_argentinus","","Mesoplodon_layardii","","","","",""
"","Macruronus_magellanicus","","Mesoplodon_layardii","","","","",""
"","Merluccius_australis","","Mesoplodon_layardii","","","","",""
"","Champsocephalus_aceratus","","Mesoplodon_layardii","","","","",""
"","Galiteuthis_glacialis","","Mesoplodon_layardii","","","","",""
"","Euphausia_lucens","","Mesoplodon_layardii","","","","",""
"","Euphausia_superba","","Mesoplodon_layardii","","","","",""
"","Taonius","","Mesoplodon_layardii","","","","",""
"","Histioteuthis_atlantica","","Mesoplodon_layardii","","","","",""
"","Histioteuthis_macrohista","","Mesoplodon_layardii","","","","",""
"","Gonatus_antarcticus","","Mesoplodon_layardii","","","","",""
"","Kondakovia_longimana","","Mesoplodon_layardii","","","","",""
"","Batoteuthis_skolops","","Mesoplodon_layardii","","","","",""
"","Galiteuthis_glacialis","","Mesoplodon_layardii","","","","",""
"","Dissostichus_eleginoides","","Mesoplodon_layardii","","","","",""
"","Micromesistius_australis","","Mesoplodon_layardii","","","","",""
"","Macruronus_magellanicus","","Mesoplodon_layardii","","","","",""
"","Merluccius_australis","","Mesoplodon_layardii","","","","",""
"","Gobionotothen_gibberifrons","","Mesoplodon_layardii","","","","",""
"","Chaenocephalus_aceratus","","Mesoplodon_layardii","","","","",""
"","Champsocephalus_gunnari","","Mesoplodon_layardii","","","","",""
"","Chionodraco_rastrospinosus","","Mesoplodon_layardii","","","","",""
"","Lepidonotothen_kempi","","Mesoplodon_layardii","","","","",""
"","Nototheniops_larseni","","Mesoplodon_layardii","","","","",""
"","Pseudochaenichthys_georgianus","","Mesoplodon_layardii","","","","",""
"","Loligo_gahi","","Tasmacetus_shepherdi","","","","",""
"","Illex_argentinus","","Tasmacetus_shepherdi","","","","",""
"","Macruronus_magellanicus","","Tasmacetus_shepherdi","","","","",""
"","Merluccius_australis","","Tasmacetus_shepherdi","","","","",""
"","Champsocephalus_aceratus","","Tasmacetus_shepherdi","","","","",""
"","Galiteuthis_glacialis","","Tasmacetus_shepherdi","","","","",""
"","Euphausia_lucens","","Tasmacetus_shepherdi","","","","",""
"","Euphausia_superba","","Tasmacetus_shepherdi","","","","",""
"","Taonius","","Tasmacetus_shepherdi","","","","",""
"","Histioteuthis_atlantica","","Tasmacetus_shepherdi","","","","",""
"","Histioteuthis_macrohista","","Tasmacetus_shepherdi","","","","",""
"","Gonatus_antarcticus","","Tasmacetus_shepherdi","","","","",""
"","Kondakovia_longimana","","Tasmacetus_shepherdi","","","","",""
"","Batoteuthis_skolops","","Tasmacetus_shepherdi","","","","",""
"","Galiteuthis_glacialis","","Tasmacetus_shepherdi","","","","",""
"","Dissostichus_eleginoides","","Tasmacetus_shepherdi","","","","",""
"","Micromesistius_australis","","Tasmacetus_shepherdi","","","","",""
"","Macruronus_magellanicus","","Tasmacetus_shepherdi","","","","",""
"","Merluccius_australis","","Tasmacetus_shepherdi","","","","",""
"","Gobionotothen_gibberifrons","","Tasmacetus_shepherdi","","","","",""
"","Chaenocephalus_aceratus","","Tasmacetus_shepherdi","","","","",""
"","Champsocephalus_gunnari","","Tasmacetus_shepherdi","","","","",""
"","Chionodraco_rastrospinosus","","Tasmacetus_shepherdi","","","","",""
"","Lepidonotothen_kempi","","Tasmacetus_shepherdi","","","","",""
"","Nototheniops_larseni","","Tasmacetus_shepherdi","","","","",""
"","Pseudochaenichthys_georgianus","","Tasmacetus_shepherdi","","","","",""
"","Loligo_gahi","","Ziphius_cavirostris","","","","",""
"","Illex_argentinus","","Ziphius_cavirostris","","","","",""
"","Macruronus_magellanicus","","Ziphius_cavirostris","","","","",""
"","Merluccius_australis","","Ziphius_cavirostris","","","","",""
"","Champsocephalus_aceratus","","Ziphius_cavirostris","","","","",""
"","Galiteuthis_glacialis","","Ziphius_cavirostris","","","","",""
"","Euphausia_lucens","","Ziphius_cavirostris","","","","",""
"","Euphausia_superba","","Ziphius_cavirostris","","","","",""
"","Taonius","","Ziphius_cavirostris","","","","",""
"","Histioteuthis_atlantica","","Ziphius_cavirostris","","","","",""
"","Histioteuthis_macrohista","","Ziphius_cavirostris","","","","",""
"","Gonatus_antarcticus","","Ziphius_cavirostris","","","","",""
"","Kondakovia_longimana","","Ziphius_cavirostris","","","","",""
"","Batoteuthis_skolops","","Ziphius_cavirostris","","","","",""
"","Galiteuthis_glacialis","","Ziphius_cavirostris","","","","",""
"","Dissostichus_eleginoides","","Ziphius_cavirostris","","","","",""
"","Micromesistius_australis","","Ziphius_cavirostris","","","","",""
"","Macruronus_magellanicus","","Ziphius_cavirostris","","","","",""
"","Merluccius_australis","","Ziphius_cavirostris","","","","",""
"","Gobionotothen_gibberifrons","","Ziphius_cavirostris","","","","",""
"","Chaenocephalus_aceratus","","Ziphius_cavirostris","","","","",""
"","Champsocephalus_gunnari","","Ziphius_cavirostris","","","","",""
"","Chionodraco_rastrospinosus","","Ziphius_cavirostris","","","","",""
"","Lepidonotothen_kempi","","Ziphius_cavirostris","","","","",""
"","Nototheniops_larseni","","Ziphius_cavirostris","","","","",""
"","Pseudochaenichthys_georgianus","","Ziphius_cavirostris","","","","",""
"","Loligo_gahi","","Cephalorhynchus_commersonii","","","","",""
"","Illex_argentinus","","Cephalorhynchus_commersonii","","","","",""
"","Macruronus_magellanicus","","Cephalorhynchus_commersonii","","","","",""
"","Merluccius_australis","","Cephalorhynchus_commersonii","","","","",""
"","Champsocephalus_aceratus","","Cephalorhynchus_commersonii","","","","",""
"","Galiteuthis_glacialis","","Cephalorhynchus_commersonii","","","","",""
"","Euphausia_lucens","","Cephalorhynchus_commersonii","","","","",""
"","Euphausia_superba","","Cephalorhynchus_commersonii","","","","",""
"","Taonius","","Cephalorhynchus_commersonii","","","","",""
"","Histioteuthis_atlantica","","Cephalorhynchus_commersonii","","","","",""
"","Histioteuthis_macrohista","","Cephalorhynchus_commersonii","","","","",""
"","Gonatus_antarcticus","","Cephalorhynchus_commersonii","","","","",""
"","Kondakovia_longimana","","Cephalorhynchus_commersonii","","","","",""
"","Batoteuthis_skolops","","Cephalorhynchus_commersonii","","","","",""
"","Galiteuthis_glacialis","","Cephalorhynchus_commersonii","","","","",""
"","Dissostichus_eleginoides","","Cephalorhynchus_commersonii","","","","",""
"","Micromesistius_australis","","Cephalorhynchus_commersonii","","","","",""
"","Macruronus_magellanicus","","Cephalorhynchus_commersonii","","","","",""
"","Merluccius_australis","","Cephalorhynchus_commersonii","","","","",""
"","Gobionotothen_gibberifrons","","Cephalorhynchus_commersonii","","","","",""
"","Chaenocephalus_aceratus","","Cephalorhynchus_commersonii","","","","",""
"","Champsocephalus_gunnari","","Cephalorhynchus_commersonii","","","","",""
"","Chionodraco_rastrospinosus","","Cephalorhynchus_commersonii","","","","",""
"","Lepidonotothen_kempi","","Cephalorhynchus_commersonii","","","","",""
"","Nototheniops_larseni","","Cephalorhynchus_commersonii","","","","",""
"","Pseudochaenichthys_georgianus","","Cephalorhynchus_commersonii","","","","",""
"","Loligo_gahi","","Eubalaena_australis","","","","",""
"","Illex_argentinus","","Eubalaena_australis","","","","",""
"","Macruronus_magellanicus","","Eubalaena_australis","","","","",""
"","Merluccius_australis","","Eubalaena_australis","","","","",""
"","Champsocephalus_aceratus","","Eubalaena_australis","","","","",""
"","Galiteuthis_glacialis","","Eubalaena_australis","","","","",""
"","Euphausia_lucens","","Eubalaena_australis","","","","",""
"","Euphausia_superba","","Eubalaena_australis","","","","",""
"","Taonius","","Eubalaena_australis","","","","",""
"","Histioteuthis_atlantica","","Eubalaena_australis","","","","",""
"","Histioteuthis_macrohista","","Eubalaena_australis","","","","",""
"","Gonatus_antarcticus","","Eubalaena_australis","","","","",""
"","Kondakovia_longimana","","Eubalaena_australis","","","","",""
"","Batoteuthis_skolops","","Eubalaena_australis","","","","",""
"","Galiteuthis_glacialis","","Eubalaena_australis","","","","",""
"","Dissostichus_eleginoides","","Eubalaena_australis","","","","",""
"","Micromesistius_australis","","Eubalaena_australis","","","","",""
"","Macruronus_magellanicus","","Eubalaena_australis","","","","",""
"","Merluccius_australis","","Eubalaena_australis","","","","",""
"","Gobionotothen_gibberifrons","","Eubalaena_australis","","","","",""
"","Chaenocephalus_aceratus","","Eubalaena_australis","","","","",""
"","Champsocephalus_gunnari","","Eubalaena_australis","","","","",""
"","Chionodraco_rastrospinosus","","Eubalaena_australis","","","","",""
"","Lepidonotothen_kempi","","Eubalaena_australis","","","","",""
"","Nototheniops_larseni","","Eubalaena_australis","","","","",""
"","Pseudochaenichthys_georgianus","","Eubalaena_australis","","","","",""
"","Sprattus_fuegensis","","Aves","Cazador","Heterótrofo","","Diez, M. J., Cabreira, A. G., Madirolas, A., De Nascimento, J. M., Scioscia, G., Schiavini, A., & Lovrich, G. A. (2018). Winter is cool: spatio-temporal patterns of the squat lobster Munida gregaria and the Fuegian sprat Sprattus fuegensis in a sub-Antarctic estuarine environment. Polar Biology, 41(12), 2591-2605.",""
"","Munida_gregaria","","Aves","Cazador","Heterótrofo","","Diez, M. J., Cabreira, A. G., Madirolas, A., De Nascimento, J. M., Scioscia, G., Schiavini, A., & Lovrich, G. A. (2018). Winter is cool: spatio-temporal patterns of the squat lobster Munida gregaria and the Fuegian sprat Sprattus fuegensis in a sub-Antarctic estuarine environment. Polar Biology, 41(12), 2591-2605.",""
"","Sprattus_fuegensis","","Peces","Cazador","Heterótrofo","","Diez, M. J., Cabreira, A. G., Madirolas, A., De Nascimento, J. M., Scioscia, G., Schiavini, A., & Lovrich, G. A. (2018). Winter is cool: spatio-temporal patterns of the squat lobster Munida gregaria and the Fuegian sprat Sprattus fuegensis in a sub-Antarctic estuarine environment. Polar Biology, 41(12), 2591-2605.",""
"","Munida_gregaria","","Peces","Cazador","Heterótrofo","","Diez, M. J., Cabreira, A. G., Madirolas, A., De Nascimento, J. M., Scioscia, G., Schiavini, A., & Lovrich, G. A. (2018). Winter is cool: spatio-temporal patterns of the squat lobster Munida gregaria and the Fuegian sprat Sprattus fuegensis in a sub-Antarctic estuarine environment. Polar Biology, 41(12), 2591-2605.",""
"","Sprattus_fuegensis","","Mamíferos marinos","Cazador","Heterótrofo","","Diez, M. J., Cabreira, A. G., Madirolas, A., De Nascimento, J. M., Scioscia, G., Schiavini, A., & Lovrich, G. A. (2018). Winter is cool: spatio-temporal patterns of the squat lobster Munida gregaria and the Fuegian sprat Sprattus fuegensis in a sub-Antarctic estuarine environment. Polar Biology, 41(12), 2591-2605.",""
"","Munida_gregaria","","Mamíferos marinos","Cazador","Heterótrofo","","Diez, M. J., Cabreira, A. G., Madirolas, A., De Nascimento, J. M., Scioscia, G., Schiavini, A., & Lovrich, G. A. (2018). Winter is cool: spatio-temporal patterns of the squat lobster Munida gregaria and the Fuegian sprat Sprattus fuegensis in a sub-Antarctic estuarine environment. Polar Biology, 41(12), 2591-2605.",""
"","Munida_gregaria","","Spheniscus_magellanicus","Cazador","Heterótrofo","","Rosciano, N. G., Pütz, K., Polito, M. J., & Raya Rey, A. (2018). Foraging behaviour of Magellanic Penguins during the early chick‐rearing period at Isla de los Estados, Argentina. Ibis, 160(2), 327-341.",""
"","Sprattus_fuegensis","","Spheniscus_magellanicus","Cazador","Heterótrofo","","Rosciano, N. G., Pütz, K., Polito, M. J., & Raya Rey, A. (2018). Foraging behaviour of Magellanic Penguins during the early chick‐rearing period at Isla de los Estados, Argentina. Ibis, 160(2), 327-341.",""
"","Loligo_gahi","","Spheniscus_magellanicus","Cazador","Heterótrofo","","Rosciano, N. G., Pütz, K., Polito, M. J., & Raya Rey, A. (2018). Foraging behaviour of Magellanic Penguins during the early chick‐rearing period at Isla de los Estados, Argentina. Ibis, 160(2), 327-341.",""
