ID,Presa,Grupo funcional presa,Depredador,Grupo funcional depredador,Estrategia,Fuente,Expertise depredador,Expertise presa,Referencia,Enlace,Referente
1,Electrona_antartica,Myctophiformes,Thalassarche_chrysostoma,Procellariiformes,Cazador,Heterótrofo,Aves marinas,Peces,4,https://doi.org/10.1017/S095410200400207X,
2,Electrona_carlsbergi,Myctophiformes,Thalassarche_chrysostoma,Procellariiformes,Cazador,Heterótrofo,Aves marinas,Peces,4,https://doi.org/10.1017/S095410200400207X,
3,Gymnoscopelus_fraseri,Myctophiformes,Thalassarche_chrysostoma,Procellariiformes,Cazador,Heterótrofo,Aves marinas,Peces,4,https://doi.org/10.1017/S095410200400207X,
4,Gymnoscopelus_hintonoides,Myctophiformes,Thalassarche_chrysostoma,Procellariiformes,Cazador,Heterótrofo,Aves marinas,Peces,4,https://doi.org/10.1017/S095410200400207X,
5,Gymnoscopelus_nicholsi,Myctophiformes,Thalassarche_chrysostoma,Procellariiformes,Cazador,Heterótrofo,Aves marinas,Peces,4,https://doi.org/10.1017/S095410200400207X,
6,Gymnoscopelus*,Myctophiformes,Thalassarche_chrysostoma,Procellariiformes,Cazador,Heterótrofo,Aves marinas,Peces,4,https://doi.org/10.1017/S095410200400207X,
7,Krefftichthys_andersoni,Myctophiformes,Thalassarche_chrysostoma,Procellariiformes,Cazador,Heterótrofo,Aves marinas,Peces,4,https://doi.org/10.1017/S095410200400207X,
8,Macrouridae,Gadiformes,Thalassarche_chrysostoma,Procellariiformes,Cazador,Heterótrofo,Aves marinas,Peces,4,https://doi.org/10.1017/S095410200400207X,
9,Melanonus_gracilis,Gadiformes,Thalassarche_chrysostoma,Procellariiformes,Cazador,Heterótrofo,Aves marinas,Peces,4,https://doi.org/10.1017/S095410200400207X,
10,Gonatus_antarcticus,Cephalopoda,Thalassarche_chrysostoma,Procellariiformes,Cazador,Heterótrofo,Aves marinas,Cefalopodos,4,https://doi.org/10.1017/S095410200400207X,
11,Kondakovia _longimana,Cephalopoda,Thalassarche_chrysostoma,Procellariiformes,Cazador,Heterótrofo,Aves marinas,Cefalopodos,4,https://doi.org/10.1017/S095410200400207X,
12,Batoteuthis_skolops,Cephalopoda,Thalassarche_chrysostoma,Procellariiformes,Cazador,Heterótrofo,Aves marinas,Cefalopodos,4,https://doi.org/10.1017/S095410200400207X,
13,Histioteuthis,Cephalopoda,Thalassarche_chrysostoma,Procellariiformes,Cazador,Heterótrofo,Aves marinas,Cefalopodos,4,https://doi.org/10.1017/S095410200400207X,
14,Alluroteuthis_antarcticus,Cephalopoda,Thalassarche_chrysostoma,Procellariiformes,Cazador,Heterótrofo,Aves marinas,Cefalopodos,4,https://doi.org/10.1017/S095410200400207X,
15,Martialia_hyadesi,Cephalopoda,Thalassarche_chrysostoma,Procellariiformes,Cazador,Heterótrofo,Aves marinas,Cefalopodos,4,https://doi.org/10.1017/S095410200400207X,
16,Mastigoteuthis_psychrophila,Cephalopoda,Thalassarche_chrysostoma,Procellariiformes,Cazador,Heterótrofo,Aves marinas,Cefalopodos,4,https://doi.org/10.1017/S095410200400207X,
17,Galiteuthis_glacialis,Malacostraca,Thalassarche_chrysostoma,Procellariiformes,Cazador,Heterótrofo,Aves marinas,Crustaceos peracaridos,4,https://doi.org/10.1017/S095410200400207X,
18,Taonius,Malacostraca,Thalassarche_chrysostoma,Procellariiformes,Cazador,Heterótrofo,Aves marinas,Crustaceos peracaridos,4,https://doi.org/10.1017/S095410200400207X,
19,Gammaridea,Malacostraca,Thalassarche_chrysostoma,Procellariiformes,Cazador,Heterótrofo,Aves marinas,Crustaceos peracaridos,4,https://doi.org/10.1017/S095410200400207X,
20,Themisto_gaudicahudii,Malacostraca,Thalassarche_chrysostoma,Procellariiformes,Cazador,Heterótrofo,Aves marinas,Crustaceos peracaridos,4,https://doi.org/10.1017/S095410200400207X,
21,Anuropus_antarcticus,Malacostraca,Thalassarche_chrysostoma,Procellariiformes,Cazador,Heterótrofo,Aves marinas,Crustaceos peracaridos,4,https://doi.org/10.1017/S095410200400207X,
22,Acanthephyra _pelagica,Malacostraca,Thalassarche_chrysostoma,Procellariiformes,Cazador,Heterótrofo,Aves marinas,Crustaceos peracaridos,4,https://doi.org/10.1017/S095410200400207X,
23,Acanthephyra ,Malacostraca,Grampus_griseus,Delphinidae,,Heterótrofo,Mamiferos marinos,Crustaceos peracaridos,4,https://doi.org/10.1017/S095410200400207X,
24,Pasiphaea_longispina,Malacostraca,Grampus_griseus,Delphinidae,,Heterótrofo,Mamiferos marinos,Crustaceos peracaridos,8,https://doi.org/10.3354/meps08826,
25,Euphausia_superba,Malacostraca,Grampus_griseus,Delphinidae,,Heterótrofo,Mamiferos marinos,Crustaceos peracaridos,8,https://doi.org/10.3354/meps08826,
26,Gnathophausiidae,Malacostraca,Grampus_griseus,Delphinidae,,Heterótrofo,Mamiferos marinos,Crustaceos peracaridos,8,https://doi.org/10.3354/meps08826,
27,Micromesistius_australis,Gadiformes ,Grampus_griseus,Delphinidae,,Heterótrofo,Mamiferos marinos,Peces,8,https://doi.org/10.3354/meps08826,
28,Sprattus_fuegensis,Clupeiformes ,Grampus_griseus,Delphinidae,,Heterótrofo,Mamiferos marinos,Sardinas,8,https://doi.org/10.3354/meps08826,
29,Myctophidae* ,Myctophiformes ,Grampus_griseus,Delphinidae,,Heterótrofo,Mamiferos marinos,Peces,8,https://doi.org/10.3354/meps08826,
30,Merluccius_hubbsi,Gadiformes ,Lagenorhynchus_cruciger,Delphinidae,,Heterótrofo,Mamiferos marinos,Peces demersales,8,https://doi.org/10.3354/meps08826,
31,Merluccius_australis,Gadiformes ,Lagenorhynchus_cruciger,Delphinidae,,Heterótrofo,Mamiferos marinos,Peces demersales,8,https://doi.org/10.3354/meps08826,
32,Salilota_australis,Gadiformes ,Lagenorhynchus_cruciger,Delphinidae,,Heterótrofo,Mamiferos marinos,Peces,8,https://doi.org/10.3354/meps08826,
33,Macruronus_magellanicus,Gadiformes ,Lagenorhynchus_cruciger,Delphinidae,,Heterótrofo,Mamiferos marinos,Peces demersales,8,https://doi.org/10.3354/meps08826,
34,Cottoperca_gobio,Perciformes,Lagenorhynchus_cruciger,Delphinidae,,Heterótrofo,Mamiferos marinos,Peces,8,https://doi.org/10.3354/meps08826,
35,Coelorinchus_fasciatus,Gadiformes ,Lagenorhynchus_cruciger,Delphinidae,,Heterótrofo,Mamiferos marinos,Peces,8,https://doi.org/10.3354/meps08826,
36,Iluocoetes_fimbriatus,Perciformes,Lagenorhynchus_cruciger,Delphinidae,,Heterótrofo,Mamiferos marinos,Peces,8,https://doi.org/10.3354/meps08826,
37,Cottunculus_granulosus,Perciformes,Lagenorhynchus_cruciger,Delphinidae,,Heterótrofo,Mamiferos marinos,Peces,8,https://doi.org/10.3354/meps08826,
38,Dissostichus_eleginoides,Perciformes,Lagenorhynchus_cruciger,Delphinidae,,Heterótrofo,Mamiferos marinos,Peces demersales,8,https://doi.org/10.3354/meps08826,
39,Genypterus_blacodes,Ophidiiformes,Lagenorhynchus_cruciger,Delphinidae,,Heterótrofo,Mamiferos marinos,Peces,8,https://doi.org/10.3354/meps08826,
40,Nototeniidae*,Perciformes,Lagenorhynchus_cruciger,Delphinidae,,Heterótrofo,Mamiferos marinos,Peces,8,https://doi.org/10.3354/meps08826,
41,Micromesistius_australis,Gadiformes ,Lagenorhynchus_cruciger,Delphinidae,,Heterótrofo,Mamiferos marinos,Peces,8,https://doi.org/10.3354/meps08826,
42,Patagonotothen_ramsayi,Perciformes,Lagenorhynchus_cruciger,Delphinidae,,Heterótrofo,Mamiferos marinos,Peces,8,https://doi.org/10.3354/meps08826,
43,Pseudocythus_maculatus,Zeiformes ,Lagenorhynchus_cruciger,Delphinidae,,Heterótrofo,Mamiferos marinos,Peces,8,https://doi.org/10.3354/meps08826,
44,Myctophidae* ,Myctophiformes,Lagenorhynchus_cruciger,Delphinidae,,Heterótrofo,Mamiferos marinos,Peces,8,https://doi.org/10.3354/meps08826,
45,Bathyraja_macloviana,Elasmobranchii,Lagenorhynchus_cruciger,Delphinidae,,Heterótrofo,Mamiferos marinos,Condrictios,8,https://doi.org/10.3354/meps08826,
46,Eleginops_maclovinus,Perciformes,Lagenorhynchus_cruciger,Delphinidae,,Heterótrofo,Mamiferos marinos,Peces,8,https://doi.org/10.3354/meps08826,
47,Zoarcidae*,Perciformes,Lagenorhynchus_cruciger,Delphinidae,,Heterótrofo,Mamiferos marinos,Peces,8,https://doi.org/10.3354/meps08826,
48,Patagonotothen* ,Perciformes,Lagenorhynchus_cruciger,Delphinidae,,Heterótrofo,Mamiferos marinos,Peces,8,https://doi.org/10.3354/meps08826,
49,Patagonotothen_sima,Perciformes,Lagenorhynchus_cruciger,Delphinidae,,Heterótrofo,Mamiferos marinos,Peces,8,https://doi.org/10.3354/meps08826,
50,Patagonotothen_tessellata,Perciformes,Lagenorhynchus_cruciger,Delphinidae,,Heterótrofo,Mamiferos marinos,Peces,8,https://doi.org/10.3354/meps08826,
51,Odonthestes*,Atheriniformes,Lagenorhynchus_cruciger,Delphinidae,,Heterótrofo,Mamiferos marinos,Peces,8,https://doi.org/10.3354/meps08826,
52,Sprattus_fuegensis,Clupeiformes ,Lagenorhynchus_cruciger,Delphinidae,,Heterótrofo,Mamiferos marinos,Sardinas,8,https://doi.org/10.3354/meps08826,
53,Loligo_gahi,Cephalopoda ,Lagenorhynchus_cruciger,Delphinidae,,Heterótrofo,Mamiferos marinos,Cefalopodos,8,https://doi.org/10.3354/meps08826,
54,llex*,Cephalopoda ,Lagenorhynchus_cruciger,Delphinidae,,Heterótrofo,Mamiferos marinos,Cefalopodos,8,https://doi.org/10.3354/meps08826,
55,Ilex_argentinus,Cephalopoda ,Lagenorhynchus_cruciger,Delphinidae,,Heterótrofo,Mamiferos marinos,Cefalopodos,8,https://doi.org/10.3354/meps08826,
56,Moroteuthis_ingens,Cephalopoda ,Lagenorhynchus_cruciger,Delphinidae,,Heterótrofo,Mamiferos marinos,Cefalopodos,8,https://doi.org/10.3354/meps08826,
57,Semirrosia_tenera,Cephalopoda ,Lagenorhynchus_cruciger,Delphinidae,,Heterótrofo,Mamiferos marinos,Cefalopodos,8,https://doi.org/10.3354/meps08826,
58,Enteroctopus_megalocyathus,Cephalopoda ,Lagenorhynchus_cruciger,Delphinidae,,Heterótrofo,Mamiferos marinos,Cefalopodos,8,https://doi.org/10.3354/meps08826,
59,Campylognathus_vagans,Malacostraca,Lagenorhynchus_cruciger,Delphinidae,,Heterótrofo,Mamiferos marinos,Crustaceos peracaridos,8,https://doi.org/10.3354/meps08826,
60,Munida_gregaria,Malacostraca,Lagenorhynchus_cruciger,Delphinidae,,Heterótrofo,Mamiferos marinos,Crustaceos peracaridos,8,https://doi.org/10.3354/meps08826,
61,Euphausia_lucens,Malacostraca,Lagenorhynchus_cruciger,Delphinidae,,Heterótrofo,Mamiferos marinos,Crustaceos peracaridos,8,https://doi.org/10.3354/meps08826,
62,Calanus_australis,Copepoda ,Lagenorhynchus_cruciger,Delphinidae,,Heterótrofo,Mamiferos marinos,Crustaceos,8,https://doi.org/10.3354/meps08826,
63,Themisto_gaudichaudii,Malacostraca,Lagenorhynchus_cruciger,Delphinidae,,Heterótrofo,Mamiferos marinos,Crustaceos peracaridos,8,https://doi.org/10.3354/meps08826,
65,Patagonotothen_sima,Perciformes,Lagenorhynchus_australis,Delphinidae,,Heterótrofo,Mamiferos marinos,Peces,8,https://doi.org/10.3354/meps08826,
66,Patagonotothen_tessellata,Perciformes,Lagenorhynchus_australis,Delphinidae,,Heterótrofo,Mamiferos marinos,Peces,8,https://doi.org/10.3354/meps08826,
67,Eleginops_maclovinus,Perciformes,Lagenorhynchus_australis,Delphinidae,,Heterótrofo,Mamiferos marinos,Peces,8,https://doi.org/10.3354/meps08826,
69,Micromesistius_australis,Perciformes,Lissodelphis_peronii,Delphinidae,,Heterótrofo,Mamiferos marinos,Peces,8,https://doi.org/10.3354/meps08826,
70,Coelorinchus_fasciatus,Gadiformes ,Lissodelphis_peronii,Delphinidae,,Heterótrofo,Mamiferos marinos,Peces,8,https://doi.org/10.3354/meps08826,
71,Nototeniidae*,Perciformes,Lissodelphis_peronii,Delphinidae,,Heterótrofo,Mamiferos marinos,Peces,8,https://doi.org/10.3354/meps08826,
72,Iluocoetes_fimbriatus,Perciformes,Lissodelphis_peronii,Delphinidae,,Heterótrofo,Mamiferos marinos,Peces,8,https://doi.org/10.3354/meps08826,
73,Loligo_gahi,Cephalopoda ,Lissodelphis_peronii,Delphinidae,,Heterótrofo,Mamiferos marinos,Cefalopodos,8,https://doi.org/10.3354/meps08826,
74,Ilex_argentinus,Cephalopoda ,Lissodelphis_peronii,Delphinidae,,Heterótrofo,Mamiferos marinos,Cefalopodos,8,https://doi.org/10.3354/meps08826,
75,Moroteuthis_ingens,Cephalopoda ,Lissodelphis_peronii,Delphinidae,,Heterótrofo,Mamiferos marinos,Cefalopodos,8,https://doi.org/10.3354/meps08826,
76,Merluccius_hubbsi,Gadiformes ,Pseudorca_crassidens,Delphinidae,,Heterótrofo,Mamiferos marinos,Peces demersales,8,https://doi.org/10.3354/meps08826,
77,Merluccius_australis,Gadiformes ,Pseudorca_crassidens,Delphinidae,,Heterótrofo,Mamiferos marinos,Peces demersales,8,https://doi.org/10.3354/meps08826,
78,Salilota_australis,Gadiformes ,Pseudorca_crassidens,Delphinidae,,Heterótrofo,Mamiferos marinos,Peces,8,https://doi.org/10.3354/meps08826,
79,Macruronus_magellanicus,Gadiformes ,Pseudorca_crassidens,Delphinidae,,Heterótrofo,Mamiferos marinos,Peces demersales,8,https://doi.org/10.3354/meps08826,
80,Cottoperca_gobio,Perciformes,Pseudorca_crassidens,Delphinidae,,Heterótrofo,Mamiferos marinos,Peces,8,https://doi.org/10.3354/meps08826,
81,Coelorinchus_fasciatus,Gadiformes ,Pseudorca_crassidens,Delphinidae,,Heterótrofo,Mamiferos marinos,Peces,8,https://doi.org/10.3354/meps08826,
82,Iluocoetes_fimbriatus,Perciformes,Pseudorca_crassidens,Delphinidae,,Heterótrofo,Mamiferos marinos,Peces,8,https://doi.org/10.3354/meps08826,
83,Cottunculus_granulosus,Perciformes,Pseudorca_crassidens,Delphinidae,,Heterótrofo,Mamiferos marinos,Peces,8,https://doi.org/10.3354/meps08826,
84,Dissostichus_eleginoides,Perciformes,Pseudorca_crassidens,Delphinidae,,Heterótrofo,Mamiferos marinos,Peces demersales,8,https://doi.org/10.3354/meps08826,
85,Genypterus_blacodes,Ophidiiformes,Pseudorca_crassidens,Delphinidae,,Heterótrofo,Mamiferos marinos,Peces,8,https://doi.org/10.3354/meps08826,
86,Nototeniidae*,Perciformes,Pseudorca_crassidens,Delphinidae,,Heterótrofo,Mamiferos marinos,Peces,8,https://doi.org/10.3354/meps08826,
87,Micromesistius_australis,Gadiformes ,Pseudorca_crassidens,Delphinidae,,Heterótrofo,Mamiferos marinos,Peces,8,https://doi.org/10.3354/meps08826,
88,Patagonotothen_ramsayi,Perciformes,Pseudorca_crassidens,Delphinidae,,Heterótrofo,Mamiferos marinos,Peces,8,https://doi.org/10.3354/meps08826,
89,Pseudocythus_maculatus,Zeiformes ,Pseudorca_crassidens,Delphinidae,,Heterótrofo,Mamiferos marinos,Peces,8,https://doi.org/10.3354/meps08826,
90,Myctophidae* ,Myctophiformes ,Pseudorca_crassidens,Delphinidae,,Heterótrofo,Mamiferos marinos,Peces,8,https://doi.org/10.3354/meps08826,
91,Bathyraja_macloviana,Rajiformes,Pseudorca_crassidens,Delphinidae,,Heterótrofo,Mamiferos marinos,Peces,8,https://doi.org/10.3354/meps08826,
92,Eleginops_maclovinus,Perciformes,Pseudorca_crassidens,Delphinidae,,Heterótrofo,Mamiferos marinos,Peces,8,https://doi.org/10.3354/meps08826,
93,Zoarcidae*,Perciformes,Pseudorca_crassidens,Delphinidae,,Heterótrofo,Mamiferos marinos,Peces,8,https://doi.org/10.3354/meps08826,
94,Patagonotothen* ,Perciformes,Pseudorca_crassidens,Delphinidae,,Heterótrofo,Mamiferos marinos,Peces,8,https://doi.org/10.3354/meps08826,
95,Patagonotothen_sima,Perciformes,Pseudorca_crassidens,Delphinidae,,Heterótrofo,Mamiferos marinos,Peces,8,https://doi.org/10.3354/meps08826,
96,Patagonotothen_tessellata,Perciformes,Pseudorca_crassidens,Delphinidae,,Heterótrofo,Mamiferos marinos,Peces,8,https://doi.org/10.3354/meps08826,
97,Sprattus_fuegensis,Clupeiformes ,Pseudorca_crassidens,Delphinidae,,Heterótrofo,Mamiferos marinos,Sardinas,8,https://doi.org/10.3354/meps08826,
98,Loligo_gahi,Cephalopoda ,Pseudorca_crassidens,Delphinidae,,Heterótrofo,Mamiferos marinos,Cefalopodos,8,https://doi.org/10.3354/meps08826,
99,llex*,Cephalopoda ,Pseudorca_crassidens,Delphinidae,,Heterótrofo,Mamiferos marinos,Cefalopodos,8,https://doi.org/10.3354/meps08826,
100,Ilex_argentinus,Cephalopoda ,Pseudorca_crassidens,Delphinidae,,Heterótrofo,Mamiferos marinos,Cefalopodos,8,https://doi.org/10.3354/meps08826,
101,Moroteuthis_ingens,Cephalopoda ,Pseudorca_crassidens,Delphinidae,,Heterótrofo,Mamiferos marinos,Cefalopodos,8,https://doi.org/10.3354/meps08826,
102,Semirrosia_tenera,Cephalopoda ,Pseudorca_crassidens,Delphinidae,,Heterótrofo,Mamiferos marinos,Cefalopodos,8,https://doi.org/10.3354/meps08826,
104,Enteroctopus_megalocyathus,Cephalopoda ,Pseudorca_crassidens,Delphinidae,,Heterótrofo,Mamiferos marinos,Cefalopodos,8,https://doi.org/10.3354/meps08826,
105,Campylognathus_vagans,Malacostraca,Pseudorca_crassidens,Delphinidae,,Heterótrofo,Mamiferos marinos,Crustaceos peracaridos,8,https://doi.org/10.3354/meps08826,
106,Munida_gregaria,Malacostraca,Pseudorca_crassidens,Delphinidae,,Heterótrofo,Mamiferos marinos,Crustaceos peracaridos,8,https://doi.org/10.3354/meps08826,
107,Euphausia_lucens,Malacostraca,Pseudorca_crassidens,Delphinidae,,Heterótrofo,Mamiferos marinos,Crustaceos peracaridos,8,https://doi.org/10.3354/meps08826,
108,Calanus_australis,Copepoda ,Pseudorca_crassidens,Delphinidae,,Heterótrofo,Mamiferos marinos,Crustaceos,8,https://doi.org/10.3354/meps08826,
109,Themisto_gaudichaudii,Malacostraca,Pseudorca_crassidens,Delphinidae,,Heterótrofo,Mamiferos marinos,Crustaceos peracaridos,8,https://doi.org/10.3354/meps08826,
110,Odonthestes*,Atheriniformes,Cephalorhynchus_commersonii,Delphinidae,,Heterótrofo,Mamiferos marinos,Peces,8,https://doi.org/10.3354/meps08826,
111,Sprattus_fuegensis,Clupeiformes ,Cephalorhynchus_commersonii,Delphinidae,,Heterótrofo,Mamiferos marinos,Sardinas,8,https://doi.org/10.3354/meps08826,
112,Merluccius_hubbsi,Gadiformes ,Cephalorhynchus_commersonii,Delphinidae,,Heterótrofo,Mamiferos marinos,Peces demersales,8,https://doi.org/10.3354/meps08826,
113,Merluccius_australis,Gadiformes ,Cephalorhynchus_commersonii,Delphinidae,,Heterótrofo,Mamiferos marinos,Peces demersales,8,https://doi.org/10.3354/meps08826,
114,Salilota_australis,Gadiformes ,Cephalorhynchus_commersonii,Delphinidae,,Heterótrofo,Mamiferos marinos,Peces,8,https://doi.org/10.3354/meps08826,
115,Nototeniidae*,Perciformes,Cephalorhynchus_commersonii,Delphinidae,,Heterótrofo,Mamiferos marinos,Peces,8,https://doi.org/10.3354/meps08826,
116,Micromesistius_australis,Gadiformes ,Cephalorhynchus_commersonii,Delphinidae,,Heterótrofo,Mamiferos marinos,Peces,8,https://doi.org/10.3354/meps08826,
117,Genypterus_blacodes,Ophidiiformes,Cephalorhynchus_commersonii,Delphinidae,,Heterótrofo,Mamiferos marinos,Peces,8,https://doi.org/10.3354/meps08826,
118,Ilex_argentinus,Cephalopoda ,Cephalorhynchus_commersonii,Delphinidae,,Heterótrofo,Mamiferos marinos,Cefalopodos,8,https://doi.org/10.3354/meps08826,
119,Loligo_gahi,Cephalopoda ,Cephalorhynchus_commersonii,Delphinidae,,Heterótrofo,Mamiferos marinos,Cefalopodos,8,https://doi.org/10.3354/meps08826,
120,Merluccius_hubbsi,Gadiformes ,Phocoena_dioptrica,Phocoenidae,,Heterótrofo,Mamiferos marinos,Peces demersales,8,https://doi.org/10.3354/meps08826,
121,Merluccius_australis,Gadiformes ,Phocoena_dioptrica,Phocoenidae,,Heterótrofo,Mamiferos marinos,Peces demersales,8,https://doi.org/10.3354/meps08826,
122,Salilota_australis,Gadiformes ,Phocoena_dioptrica,Phocoenidae,,Heterótrofo,Mamiferos marinos,Peces,8,https://doi.org/10.3354/meps08826,
123,Macruronus_magellanicus,Gadiformes ,Phocoena_dioptrica,Phocoenidae,,Heterótrofo,Mamiferos marinos,Peces demersales,8,https://doi.org/10.3354/meps08826,
124,Cottoperca_gobio,Gadiformes ,Phocoena_dioptrica,Phocoenidae,,Heterótrofo,Mamiferos marinos,Peces,8,https://doi.org/10.3354/meps08826,
125,Coelorinchus_fasciatus,Gadiformes ,Phocoena_dioptrica,Phocoenidae,,Heterótrofo,Mamiferos marinos,Peces,8,https://doi.org/10.3354/meps08826,
126,Iluocoetes_fimbriatus,Perciformes,Phocoena_dioptrica,Phocoenidae,,Heterótrofo,Mamiferos marinos,Peces,8,https://doi.org/10.3354/meps08826,
127,Cottunculus_granulosus,Perciformes,Phocoena_dioptrica,Phocoenidae,,Heterótrofo,Mamiferos marinos,Peces,8,https://doi.org/10.3354/meps08826,
128,Dissostichus_eleginoides,Perciformes,Phocoena_dioptrica,Phocoenidae,,Heterótrofo,Mamiferos marinos,Peces demersales,8,https://doi.org/10.3354/meps08826,
129,Genypterus_blacodes,Ophidiiformes,Phocoena_dioptrica,Phocoenidae,,Heterótrofo,Mamiferos marinos,Peces,8,https://doi.org/10.3354/meps08826,
130,Nototeniidae*,Perciformes,Phocoena_dioptrica,Phocoenidae,,Heterótrofo,Mamiferos marinos,Peces,8,https://doi.org/10.3354/meps08826,
131,Micromesistius_australis,Gadiformes ,Phocoena_dioptrica,Phocoenidae,,Heterótrofo,Mamiferos marinos,Peces,8,https://doi.org/10.3354/meps08826,
132,Patagonotothen_ramsayi,Perciformes,Phocoena_dioptrica,Phocoenidae,,Heterótrofo,Mamiferos marinos,Peces,8,https://doi.org/10.3354/meps08826,
133,Pseudocythus_maculatus,Zeiformes ,Phocoena_dioptrica,Phocoenidae,,Heterótrofo,Mamiferos marinos,Peces,8,https://doi.org/10.3354/meps08826,
134,Myctophidae* ,Myctophiformes ,Phocoena_dioptrica,Phocoenidae,,Heterótrofo,Mamiferos marinos,Peces,8,https://doi.org/10.3354/meps08826,
135,Bathyraja_macloviana,Rajiformes,Phocoena_dioptrica,Phocoenidae,,Heterótrofo,Mamiferos marinos,Condrictios,8,https://doi.org/10.3354/meps08826,
136,Eleginops_maclovinus,Perciformes,Phocoena_dioptrica,Phocoenidae,,Heterótrofo,Mamiferos marinos,Peces,8,https://doi.org/10.3354/meps08826,
137,Zoarcidae*,Perciformes,Phocoena_dioptrica,Phocoenidae,,Heterótrofo,Mamiferos marinos,Peces,8,https://doi.org/10.3354/meps08826,
138,Patagonotothen* ,Perciformes,Phocoena_dioptrica,Phocoenidae,,Heterótrofo,Mamiferos marinos,Peces,8,https://doi.org/10.3354/meps08826,
139,Patagonotothen_sima,Perciformes,Phocoena_dioptrica,Phocoenidae,,Heterótrofo,Mamiferos marinos,Peces,8,https://doi.org/10.3354/meps08826,
140,Patagonotothen_tessellata,Perciformes,Phocoena_dioptrica,Phocoenidae,,Heterótrofo,Mamiferos marinos,Peces,8,https://doi.org/10.3354/meps08826,
141,Odonthestes*,Atheriniformes,Phocoena_dioptrica,Phocoenidae,,Heterótrofo,Mamiferos marinos,Peces,8,https://doi.org/10.3354/meps08826,
142,Sprattus_fuegensis,Clupeiformes ,Phocoena_dioptrica,Phocoenidae,,Heterótrofo,Mamiferos marinos,Sardinas,8,https://doi.org/10.3354/meps08826,
143,Loligo_gahi,Cephalopoda ,Phocoena_dioptrica,Phocoenidae,,Heterótrofo,Mamiferos marinos,Cefalopodos,8,https://doi.org/10.3354/meps08826,
144,llex,Cephalopoda ,Phocoena_dioptrica,Phocoenidae,,Heterótrofo,Mamiferos marinos,Cefalopodos,8,https://doi.org/10.3354/meps08826,
145,Ilex_argentinus,Cephalopoda ,Phocoena_dioptrica,Phocoenidae,,Heterótrofo,Mamiferos marinos,Cefalopodos,8,https://doi.org/10.3354/meps08826,
146,Moroteuthis_ingens,Cephalopoda ,Phocoena_dioptrica,Phocoenidae,,Heterótrofo,Mamiferos marinos,Cefalopodos,8,https://doi.org/10.3354/meps08826,
147,Semirrosia_tenera,Cephalopoda ,Phocoena_dioptrica,Phocoenidae,,Heterótrofo,Mamiferos marinos,Cefalopodos,8,https://doi.org/10.3354/meps08826,
148,Enteroctopus_megalocyathus,Cephalopoda ,Phocoena_dioptrica,Phocoenidae,,Heterótrofo,Mamiferos marinos,Cefalopodos,8,https://doi.org/10.3354/meps08826,
149,Campylognathus_vagans,Malacostraca,Phocoena_dioptrica,Phocoenidae,,Heterótrofo,Mamiferos marinos,Crustaceos peracaridos,8,https://doi.org/10.3354/meps08826,
150,Munida_gregaria,Malacostraca,Phocoena_dioptrica,Phocoenidae,,Heterótrofo,Mamiferos marinos,Crustaceos peracaridos,8,https://doi.org/10.3354/meps08826,
151,Euphausia_lucens,Malacostraca,Phocoena_dioptrica,Phocoenidae,,Heterótrofo,Mamiferos marinos,Crustaceos peracaridos,8,https://doi.org/10.3354/meps08826,
152,Calanus_australis,Copepoda ,Phocoena_dioptrica,Phocoenidae,,Heterótrofo,Mamiferos marinos,Crustaceos,8,https://doi.org/10.3354/meps08826,
153,Themisto_gaudichaudii,Malacostraca,Phocoena_dioptrica,Phocoenidae,,Heterótrofo,Mamiferos marinos,Crustaceos peracaridos,8,https://doi.org/10.3354/meps08826,
154,Odonthestes*,Atheriniformes,Phocoena_spinipinnis,Phocoenidae,,Heterótrofo,Mamiferos marinos,Peces,8,https://doi.org/10.3354/meps08826,
155,Sprattus_fuegensis,Clupeiformes ,Phocoena_spinipinnis,Phocoenidae,,Heterótrofo,Mamiferos marinos,Sardinas,8,https://doi.org/10.3354/meps08826,
156,Merluccius_hubbsi,Gadiformes ,Phocoena_spinipinnis,Phocoenidae,,Heterótrofo,Mamiferos marinos,Peces demersales,8,https://doi.org/10.3354/meps08826,
157,Merluccius_australis,Gadiformes ,Phocoena_spinipinnis,Phocoenidae,,Heterótrofo,Mamiferos marinos,Peces demersales,8,https://doi.org/10.3354/meps08826,
158,Salilota_australis,Gadiformes ,Phocoena_spinipinnis,Phocoenidae,,Heterótrofo,Mamiferos marinos,Peces,8,https://doi.org/10.3354/meps08826,
159,Nototeniidae*,Perciformes,Phocoena_spinipinnis,Phocoenidae,,Heterótrofo,Mamiferos marinos,Peces,8,https://doi.org/10.3354/meps08826,
160,Micromesistius_australis,Gadiformes ,Phocoena_spinipinnis,Phocoenidae,,Heterótrofo,Mamiferos marinos,Peces,8,https://doi.org/10.3354/meps08826,
161,Genypterus_blacodes,Ophidiiformes,Phocoena_spinipinnis,Phocoenidae,,Heterótrofo,Mamiferos marinos,Peces,8,https://doi.org/10.3354/meps08826,
162,Ilex_argentinus,Cephalopoda ,Phocoena_spinipinnis,Phocoenidae,,Heterótrofo,Mamiferos marinos,Cefalopodos,8,https://doi.org/10.3354/meps08826,
163,Loligo_gahi,Cephalopoda ,Phocoena_spinipinnis,Phocoenidae,,Heterótrofo,Mamiferos marinos,Cefalopodos,8,https://doi.org/10.3354/meps08826,
164,Cephalopods*,Cephalopoda ,Globicephala_melas,Delphinidae,,Heterótrofo,Mamiferos marinos,Cefalopodos,9,https://www.researchgate.net/publication/235993961_Odontocetes_of_the_Southern_Ocean_Sanctuary,
165,Ancistrocheirus*,Cephalopoda ,Thalassarche_chrysostoma,Procellariiformes,,Heterótrofo,Aves marinas,Cefalopodos,9,https://www.researchgate.net/publication/235993961_Odontocetes_of_the_Southern_Ocean_Sanctuary,
166,Ancistrocheirus*,Cephalopoda ,Thalassarche_melanophris,Procellariiformes,,Heterótrofo,Aves marinas,Cefalopodos,11,https://doi.org/10.3354/meps11689,
167,Zooplankton*,Zooplankton,Spheniscus_magellanicus_female,Sphenisciformes,,Heterótrofo,Aves marinas,Zooplancton,11,https://doi.org/10.3354/meps11689,
168,Cephalopods*,Cephalopoda ,Spheniscus_magellanicus_female,Sphenisciformes,,Heterótrofo,Aves marinas,Cefalopodos,11,https://doi.org/10.3354/meps11689,
169,Zooplankton*,Zooplankton,Spheniscus_magellanicus_male,Sphenisciformes,,Heterótrofo,Aves marinas,Zooplancton,11,https://doi.org/10.3354/meps11689,
170,Cephalopods*,Cephalopoda ,Spheniscus_magellanicus_male,Sphenisciformes,,Heterótrofo,Aves marinas,Cefalopodos,11,https://doi.org/10.3354/meps11689,
171,Zooplankton*,Zooplankton,Otaria*,Otariidae ,,Heterótrofo,Mamiferos marinos,Zooplancton,11,https://doi.org/10.3354/meps11689,
172,Cephalopods*,Cephalopoda ,Otaria*,Otariidae ,,Heterótrofo,Mamiferos marinos,Cefalopodos,11,https://doi.org/10.3354/meps11689,
173,Zooplankton*,Zooplankton,Delphinus,Delphinidae,,Heterótrofo,Mamiferos marinos,Zooplancton,11,https://doi.org/10.3354/meps11689,
174,Cephalopods*,Cephalopoda ,Delphinus,Delphinidae,,Heterótrofo,Mamiferos marinos,Cefalopodos,11,https://doi.org/10.3354/meps11689,
175,Themisto_gaudichaudii,Malacostraca,Spheniscus_magellanicus_female,Sphenisciformes,,Heterótrofo,Aves marinas,Crustaceos,11,https://doi.org/10.3354/meps11689,
176,Euphausiacea*,Malacostraca,Spheniscus_magellanicus_female,Sphenisciformes,,Heterótrofo,Aves marinas,Crustaceos,11,https://doi.org/10.3354/meps11689,
177,Amphipoda* ,Malacostraca,Spheniscus_magellanicus_female,Sphenisciformes,,Heterótrofo,Aves marinas,Crustaceos,11,https://doi.org/10.3354/meps11689,
178,Themisto_gaudichaudii,Malacostraca,Spheniscus_magellanicus_male,Sphenisciformes,,Heterótrofo,Aves marinas,Crustaceos,11,https://doi.org/10.3354/meps11689,
179,Euphausiacea*,Malacostraca,Spheniscus_magellanicus_male,Sphenisciformes,,Heterótrofo,Aves marinas,Crustaceos,11,https://doi.org/10.3354/meps11689,
180,Amphipoda* ,Malacostraca,Spheniscus_magellanicus_male,Sphenisciformes,,Heterótrofo,Aves marinas,Crustaceos,11,https://doi.org/10.3354/meps11689,
181,Sprattus_fuegensis,Clupeiformes ,Spheniscus_magellanicus_male,Sphenisciformes,,Heterótrofo,Aves marinas,Sardinas,11,https://doi.org/10.3354/meps11689,
182,Sprattus_fuegensis,Clupeiformes ,Spheniscus_magellanicus_female,Sphenisciformes,,Heterótrofo,Aves marinas,Sardinas,11,https://doi.org/10.3354/meps11689,
183,Munida_gregaria,Malacostraca,Spheniscus_magellanicus_male,Sphenisciformes,,Heterótrofo,Aves marinas,Crustaceos,11,https://doi.org/10.3354/meps11689,
184,Munida_gregaria,Malacostraca,Spheniscus_magellanicus_female,Sphenisciformes,,Heterótrofo,Aves marinas,Crustaceos,11,https://doi.org/10.3354/meps11689,
185,Loligo_gahi,Cephalopoda ,Spheniscus_magellanicus_male,Sphenisciformes,,Heterótrofo,Aves marinas,Cefalopodos,11,https://doi.org/10.3354/meps11689,
186,Loligo_gahi,Cephalopoda ,Spheniscus_magellanicus_female,Sphenisciformes,,Heterótrofo,Aves marinas,Cefalopodos,11,https://doi.org/10.3354/meps11689,
187,Engraulidae*,Clupeiformes ,Spheniscus_magellanicus_male,Sphenisciformes,,Heterótrofo,Aves marinas,Sardinas,11,https://doi.org/10.3354/meps11689,
188,Engraulidae*,Clupeiformes ,Spheniscus_magellanicus_female,Sphenisciformes,,Heterótrofo,Aves marinas,Sardinas,11,https://doi.org/10.3354/meps11689,
189,Loligo_gahi,Cephalopoda ,Berardius_arnuxii,Ziphiidae ,,Heterótrofo,Mamiferos marinos,Cefalopodos,13,,
190,Ilex_argentinus,Cephalopoda ,Berardius_arnuxii,Ziphiidae ,,Heterótrofo,Mamiferos marinos,Cefalopodos,13,,
191,Macruronus_magellanicus,Gadiformes ,Berardius_arnuxii,Ziphiidae ,,Heterótrofo,Mamiferos marinos,Peces demersales,13,,
192,Merluccius_australis,Gadiformes ,Berardius_arnuxii,Ziphiidae ,,Heterótrofo,Mamiferos marinos,Peces demersales,13,,
193,Champsocephalus_aceratus,Perciformes,Berardius_arnuxii,Ziphiidae ,,Heterótrofo,Mamiferos marinos,Peces,13,,
194,Galiteuthis_glacialis,Cephalopoda ,Berardius_arnuxii,Ziphiidae ,,Heterótrofo,Mamiferos marinos,Cefalopodos,13,,
195,Euphausia_lucens,Malacostraca,Berardius_arnuxii,Ziphiidae ,,Heterótrofo,Mamiferos marinos,Crustaceos peracaridos,13,,
196,Euphausia_superba,Malacostraca,Berardius_arnuxii,Ziphiidae ,,Heterótrofo,Mamiferos marinos,Crustaceos peracaridos,13,,
197,Taonius*,Cephalopoda ,Berardius_arnuxii,Ziphiidae ,,Heterótrofo,Mamiferos marinos,Cefalopodos,13,,
198,Histioteuthis_atlantica,Cephalopoda ,Berardius_arnuxii,Ziphiidae ,,Heterótrofo,Mamiferos marinos,Cefalopodos,13,,
199,Histioteuthis_macrohista,Cephalopoda ,Berardius_arnuxii,Ziphiidae ,,Heterótrofo,Mamiferos marinos,Cefalopodos,13,,
200,Gonatus_antarcticus,Cephalopoda,Berardius_arnuxii,Ziphiidae ,,Heterótrofo,Mamiferos marinos,Cefalopodos,13,,
201,Kondakovia_longimana,Cephalopoda ,Berardius_arnuxii,Ziphiidae ,,Heterótrofo,Mamiferos marinos,Cefalopodos,13,,
202,Batoteuthis_skolops,Cephalopoda ,Berardius_arnuxii,Ziphiidae ,,Heterótrofo,Mamiferos marinos,Cefalopodos,13,,
203,Galiteuthis_glacialis,Cephalopoda ,Berardius_arnuxii,Ziphiidae ,,Heterótrofo,Mamiferos marinos,Cefalopodos,13,,
204,Dissostichus_eleginoides,Perciformes,Berardius_arnuxii,Ziphiidae ,,Heterótrofo,Mamiferos marinos,Peces demersales,13,,
205,Micromesistius_australis,Gadiformes ,Berardius_arnuxii,Ziphiidae ,,Heterótrofo,Mamiferos marinos,Peces,13,,
206,Macruronus_magellanicus,Gadiformes ,Berardius_arnuxii,Ziphiidae ,,Heterótrofo,Mamiferos marinos,Peces demersales,13,,
207,Merluccius_australis,Gadiformes ,Berardius_arnuxii,Ziphiidae ,,Heterótrofo,Mamiferos marinos,Peces demersales,13,,
208,Gobionotothen_gibberifrons,Perciformes ,Berardius_arnuxii,Ziphiidae ,,Heterótrofo,Mamiferos marinos,Peces,13,,
209,Chaenocephalus_aceratus,Perciformes ,Berardius_arnuxii,Ziphiidae ,,Heterótrofo,Mamiferos marinos,Peces,13,,
210,Champsocephalus_gunnari,Perciformes ,Berardius_arnuxii,Ziphiidae ,,Heterótrofo,Mamiferos marinos,Peces,13,,
211,Chionodraco_rastrospinosus,Perciformes ,Berardius_arnuxii,Ziphiidae ,,Heterótrofo,Mamiferos marinos,Peces,13,,
212,Lepidonotothen_kempi,Perciformes ,Berardius_arnuxii,Ziphiidae ,,Heterótrofo,Mamiferos marinos,Peces,13,,
213,Nototheniops_larseni,Perciformes ,Berardius_arnuxii,Ziphiidae ,,Heterótrofo,Mamiferos marinos,Peces,13,,
214,Pseudochaenichthys_georgianus,Perciformes ,Berardius_arnuxii,Ziphiidae ,,Heterótrofo,Mamiferos marinos,Peces,13,,
215,Loligo_gahi,Cephalopoda ,Hyperoodon_planifrons,Ziphiidae ,,Heterótrofo,Mamiferos marinos,Cefalopodos,13,,
216,Ilex_argentinus,Cephalopoda ,Hyperoodon_planifrons,Ziphiidae ,,Heterótrofo,Mamiferos marinos,Cefalopodos,13,,
217,Macruronus_magellanicus,Gadiformes ,Hyperoodon_planifrons,Ziphiidae ,,Heterótrofo,Mamiferos marinos,Peces demersales,13,,
218,Merluccius_australis,Gadiformes ,Hyperoodon_planifrons,Ziphiidae ,,Heterótrofo,Mamiferos marinos,Peces demersales,13,,
219,Champsocephalus_aceratus,Perciformes,Hyperoodon_planifrons,Ziphiidae ,,Heterótrofo,Mamiferos marinos,Peces,13,,
220,Galiteuthis_glacialis,Cephalopoda ,Hyperoodon_planifrons,Ziphiidae ,,Heterótrofo,Mamiferos marinos,Cefalopodos,13,,
221,Euphausia_lucens,Malacostraca,Hyperoodon_planifrons,Ziphiidae ,,Heterótrofo,Mamiferos marinos,Crustaceos peracaridos,13,,
222,Euphausia_superba,Malacostraca,Hyperoodon_planifrons,Ziphiidae ,,Heterótrofo,Mamiferos marinos,Crustaceos peracaridos,13,,
223,Taonius*,Cephalopoda ,Hyperoodon_planifrons,Ziphiidae ,,Heterótrofo,Mamiferos marinos,Cefalopodos,13,,
224,Histioteuthis_atlantica,Cephalopoda ,Hyperoodon_planifrons,Ziphiidae ,,Heterótrofo,Mamiferos marinos,Cefalopodos,13,,
225,Histioteuthis_macrohista,Cephalopoda ,Hyperoodon_planifrons,Ziphiidae ,,Heterótrofo,Mamiferos marinos,Cefalopodos,13,,
226,Gonatus_antarcticus,Cephalopoda,Hyperoodon_planifrons,Ziphiidae ,,Heterótrofo,Mamiferos marinos,Cefalopodos,13,,
227,Kondakovia_longimana,Cephalopoda ,Hyperoodon_planifrons,Ziphiidae ,,Heterótrofo,Mamiferos marinos,Cefalopodos,13,,
228,Batoteuthis_skolops,Cephalopoda ,Hyperoodon_planifrons,Ziphiidae ,,Heterótrofo,Mamiferos marinos,Cefalopodos,13,,
229,Galiteuthis_glacialis,Cephalopoda ,Hyperoodon_planifrons,Ziphiidae ,,Heterótrofo,Mamiferos marinos,Cefalopodos,13,,
230,Dissostichus_eleginoides,Perciformes,Hyperoodon_planifrons,Ziphiidae ,,Heterótrofo,Mamiferos marinos,Peces demersales,13,,
231,Micromesistius_australis,Gadiformes ,Hyperoodon_planifrons,Ziphiidae ,,Heterótrofo,Mamiferos marinos,Peces,13,,
232,Macruronus_magellanicus,Gadiformes ,Hyperoodon_planifrons,Ziphiidae ,,Heterótrofo,Mamiferos marinos,Peces demersales,13,,
233,Merluccius_australis,Gadiformes ,Hyperoodon_planifrons,Ziphiidae ,,Heterótrofo,Mamiferos marinos,Peces demersales,13,,
234,Gobionotothen_gibberifrons,Perciformes ,Hyperoodon_planifrons,Ziphiidae ,,Heterótrofo,Mamiferos marinos,Peces,13,,
235,Chaenocephalus_aceratus,Perciformes ,Hyperoodon_planifrons,Ziphiidae ,,Heterótrofo,Mamiferos marinos,Peces,13,,
236,Champsocephalus_gunnari,Perciformes ,Hyperoodon_planifrons,Ziphiidae ,,Heterótrofo,Mamiferos marinos,Peces,13,,
237,Chionodraco_rastrospinosus,Perciformes ,Hyperoodon_planifrons,Ziphiidae ,,Heterótrofo,Mamiferos marinos,Peces,13,,
238,Lepidonotothen_kempi,Perciformes ,Hyperoodon_planifrons,Ziphiidae ,,Heterótrofo,Mamiferos marinos,Peces,13,,
239,Nototheniops_larseni,Perciformes ,Hyperoodon_planifrons,Ziphiidae ,,Heterótrofo,Mamiferos marinos,Peces,13,,
240,Pseudochaenichthys_georgianus,Perciformes ,Hyperoodon_planifrons,Ziphiidae ,,Heterótrofo,Mamiferos marinos,Peces,13,,
241,Loligo_gahi,Cephalopoda ,Mesoplodon_bowdoini,Ziphiidae,,Heterótrofo,Mamiferos marinos,Cefalopodos,13,,
242,Ilex_argentinus,Cephalopoda ,Mesoplodon_bowdoini,Ziphiidae,,Heterótrofo,Mamiferos marinos,Cefalopodos,13,,
243,Macruronus_magellanicus,Gadiformes ,Mesoplodon_bowdoini,Ziphiidae,,Heterótrofo,Mamiferos marinos,Peces demersales,13,,
244,Merluccius_australis,Gadiformes ,Mesoplodon_bowdoini,Ziphiidae,,Heterótrofo,Mamiferos marinos,Peces demersales,13,,
245,Champsocephalus_aceratus,Perciformes,Mesoplodon_bowdoini,Ziphiidae,,Heterótrofo,Mamiferos marinos,Peces,13,,
246,Galiteuthis_glacialis,Cephalopoda ,Mesoplodon_bowdoini,Ziphiidae,,Heterótrofo,Mamiferos marinos,Cefalopodos,13,,
247,Euphausia_lucens,Malacostraca,Mesoplodon_bowdoini,Ziphiidae,,Heterótrofo,Mamiferos marinos,Crustaceos peracaridos,13,,
248,Euphausia_superba,Malacostraca,Mesoplodon_bowdoini,Ziphiidae,,Heterótrofo,Mamiferos marinos,Crustaceos peracaridos,13,,
249,Taonius*,Cephalopoda ,Mesoplodon_bowdoini,Ziphiidae,,Heterótrofo,Mamiferos marinos,Cefalopodos,13,,
250,Histioteuthis_atlantica,Cephalopoda ,Mesoplodon_bowdoini,Ziphiidae,,Heterótrofo,Mamiferos marinos,Cefalopodos,13,,
251,Histioteuthis_macrohista,Cephalopoda ,Mesoplodon_bowdoini,Ziphiidae,,Heterótrofo,Mamiferos marinos,Cefalopodos,13,,
252,Gonatus_antarcticus,Cephalopoda,Mesoplodon_bowdoini,Ziphiidae,,Heterótrofo,Mamiferos marinos,Cefalopodos,13,,
253,Kondakovia_longimana,Cephalopoda ,Mesoplodon_bowdoini,Ziphiidae,,Heterótrofo,Mamiferos marinos,Cefalopodos,13,,
254,Batoteuthis_skolops,Cephalopoda ,Mesoplodon_bowdoini,Ziphiidae,,Heterótrofo,Mamiferos marinos,Cefalopodos,13,,
255,Galiteuthis_glacialis,Cephalopoda ,Mesoplodon_bowdoini,Ziphiidae,,Heterótrofo,Mamiferos marinos,Cefalopodos,13,,
256,Dissostichus_eleginoides,Perciformes,Mesoplodon_bowdoini,Ziphiidae,,Heterótrofo,Mamiferos marinos,Peces demersales,13,,
257,Micromesistius_australis,Gadiformes ,Mesoplodon_bowdoini,Ziphiidae,,Heterótrofo,Mamiferos marinos,Peces,13,,
258,Macruronus_magellanicus,Gadiformes ,Mesoplodon_bowdoini,Ziphiidae,,Heterótrofo,Mamiferos marinos,Peces demersales,13,,
259,Merluccius_australis,Gadiformes ,Mesoplodon_bowdoini,Ziphiidae,,Heterótrofo,Mamiferos marinos,Peces demersales,13,,
260,Gobionotothen_gibberifrons,Perciformes ,Mesoplodon_bowdoini,Ziphiidae,,Heterótrofo,Mamiferos marinos,Peces,13,,
261,Chaenocephalus_aceratus,Perciformes ,Mesoplodon_bowdoini,Ziphiidae,,Heterótrofo,Mamiferos marinos,Peces,13,,
262,Champsocephalus_gunnari,Perciformes ,Mesoplodon_bowdoini,Ziphiidae,,Heterótrofo,Mamiferos marinos,Peces,13,,
263,Chionodraco_rastrospinosus,Perciformes ,Mesoplodon_bowdoini,Ziphiidae,,Heterótrofo,Mamiferos marinos,Peces,13,,
264,Lepidonotothen_kempi,Perciformes ,Mesoplodon_bowdoini,Ziphiidae,,Heterótrofo,Mamiferos marinos,Peces,13,,
265,Nototheniops_larseni,Perciformes ,Mesoplodon_bowdoini,Ziphiidae,,Heterótrofo,Mamiferos marinos,Peces,13,,
266,Pseudochaenichthys_georgianus,Perciformes ,Mesoplodon_bowdoini,Ziphiidae,,Heterótrofo,Mamiferos marinos,Peces,13,,
267,Loligo_gahi,Cephalopoda ,Mesoplodon_grayi,Ziphiidae,,Heterótrofo,Mamiferos marinos,Cefalopodos,13,,
268,Ilex_argentinus,Cephalopoda ,Mesoplodon_grayi,Ziphiidae,,Heterótrofo,Mamiferos marinos,Cefalopodos,13,,
269,Macruronus_magellanicus,Gadiformes ,Mesoplodon_grayi,Ziphiidae,,Heterótrofo,Mamiferos marinos,Peces demersales,13,,
270,Merluccius_australis,Gadiformes ,Mesoplodon_grayi,Ziphiidae,,Heterótrofo,Mamiferos marinos,Peces demersales,13,,
271,Champsocephalus_aceratus,Perciformes,Mesoplodon_grayi,Ziphiidae,,Heterótrofo,Mamiferos marinos,Peces,13,,
272,Galiteuthis_glacialis,Cephalopoda ,Mesoplodon_grayi,Ziphiidae,,Heterótrofo,Mamiferos marinos,Cefalopodos,13,,
273,Euphausia_lucens,Malacostraca,Mesoplodon_grayi,Ziphiidae,,Heterótrofo,Mamiferos marinos,Crustaceos peracaridos,13,,
274,Euphausia_superba,Malacostraca,Mesoplodon_grayi,Ziphiidae,,Heterótrofo,Mamiferos marinos,Crustaceos peracaridos,13,,
275,Taonius*,Cephalopoda ,Mesoplodon_grayi,Ziphiidae,,Heterótrofo,Mamiferos marinos,Cefalopodos,13,,
276,Histioteuthis_atlantica,Cephalopoda ,Mesoplodon_grayi,Ziphiidae,,Heterótrofo,Mamiferos marinos,Cefalopodos,13,,
277,Histioteuthis_macrohista,Cephalopoda ,Mesoplodon_grayi,Ziphiidae,,Heterótrofo,Mamiferos marinos,Cefalopodos,13,,
278,Gonatus_antarcticus,Cephalopoda,Mesoplodon_grayi,Ziphiidae,,Heterótrofo,Mamiferos marinos,Cefalopodos,13,,
279,Kondakovia_longimana,Cephalopoda ,Mesoplodon_grayi,Ziphiidae,,Heterótrofo,Mamiferos marinos,Cefalopodos,13,,
280,Batoteuthis_skolops,Cephalopoda ,Mesoplodon_grayi,Ziphiidae,,Heterótrofo,Mamiferos marinos,Cefalopodos,13,,
281,Galiteuthis_glacialis,Cephalopoda ,Mesoplodon_grayi,Ziphiidae,,Heterótrofo,Mamiferos marinos,Cefalopodos,13,,
282,Dissostichus_eleginoides,Perciformes,Mesoplodon_grayi,Ziphiidae,,Heterótrofo,Mamiferos marinos,Peces demersales,13,,
283,Micromesistius_australis,Gadiformes ,Mesoplodon_grayi,Ziphiidae,,Heterótrofo,Mamiferos marinos,Peces,13,,
284,Macruronus_magellanicus,Gadiformes ,Mesoplodon_grayi,Ziphiidae,,Heterótrofo,Mamiferos marinos,Peces demersales,13,,
285,Merluccius_australis,Gadiformes ,Mesoplodon_grayi,Ziphiidae,,Heterótrofo,Mamiferos marinos,Peces demersales,13,,
286,Gobionotothen_gibberifrons,Perciformes ,Mesoplodon_grayi,Ziphiidae,,Heterótrofo,Mamiferos marinos,Peces,13,,
287,Chaenocephalus_aceratus,Perciformes ,Mesoplodon_grayi,Ziphiidae,,Heterótrofo,Mamiferos marinos,Peces,13,,
288,Champsocephalus_gunnari,Perciformes ,Mesoplodon_grayi,Ziphiidae,,Heterótrofo,Mamiferos marinos,Peces,13,,
289,Chionodraco_rastrospinosus,Perciformes ,Mesoplodon_grayi,Ziphiidae,,Heterótrofo,Mamiferos marinos,Peces,13,,
290,Lepidonotothen_kempi,Perciformes ,Mesoplodon_grayi,Ziphiidae,,Heterótrofo,Mamiferos marinos,Peces,13,,
291,Nototheniops_larseni,Perciformes ,Mesoplodon_grayi,Ziphiidae,,Heterótrofo,Mamiferos marinos,Peces,13,,
292,Pseudochaenichthys_georgianus,Perciformes ,Mesoplodon_grayi,Ziphiidae,,Heterótrofo,Mamiferos marinos,Peces,13,,
293,Loligo_gahi,Cephalopoda ,Mesoplodon_hectori,Peces,,Heterótrofo,Mamiferos marinos,Cefalopodos,13,,
294,Ilex_argentinus,Cephalopoda ,Mesoplodon_hectori,Ziphiidae,,Heterótrofo,Mamiferos marinos,Cefalopodos,13,,
295,Macruronus_magellanicus,Gadiformes ,Mesoplodon_hectori,Ziphiidae,,Heterótrofo,Mamiferos marinos,Peces demersales,13,,
296,Merluccius_australis,Gadiformes ,Mesoplodon_hectori,Ziphiidae,,Heterótrofo,Mamiferos marinos,Peces demersales,13,,
297,Champsocephalus_aceratus,Perciformes,Mesoplodon_hectori,Ziphiidae,,Heterótrofo,Mamiferos marinos,Peces,13,,
298,Galiteuthis_glacialis,Cephalopoda ,Mesoplodon_hectori,Ziphiidae,,Heterótrofo,Mamiferos marinos,Cefalopodos,13,,
299,Euphausia_lucens,Malacostraca,Mesoplodon_hectori,Ziphiidae,,Heterótrofo,Mamiferos marinos,Crustaceos peracaridos,13,,
300,Euphausia_superba,Malacostraca,Mesoplodon_hectori,Ziphiidae,,Heterótrofo,Mamiferos marinos,Crustaceos peracaridos,13,,
301,Taonius*,Cephalopoda ,Mesoplodon_hectori,Ziphiidae,,Heterótrofo,Mamiferos marinos,Cefalopodos,13,,
302,Histioteuthis_atlantica,Cephalopoda ,Mesoplodon_hectori,Ziphiidae,,Heterótrofo,Mamiferos marinos,Cefalopodos,13,,
303,Histioteuthis_macrohista,Cephalopoda ,Mesoplodon_hectori,Ziphiidae,,Heterótrofo,Mamiferos marinos,Cefalopodos,13,,
304,Gonatus_antarcticus,Cephalopoda,Mesoplodon_hectori,Ziphiidae,,Heterótrofo,Mamiferos marinos,Cefalopodos,13,,
305,Kondakovia_longimana,Cephalopoda ,Mesoplodon_hectori,Ziphiidae,,Heterótrofo,Mamiferos marinos,Cefalopodos,13,,
306,Batoteuthis_skolops,Cephalopoda ,Mesoplodon_hectori,Ziphiidae,,Heterótrofo,Mamiferos marinos,Cefalopodos,13,,
307,Galiteuthis_glacialis,Cephalopoda ,Mesoplodon_hectori,Ziphiidae,,Heterótrofo,Mamiferos marinos,Cefalopodos,13,,
308,Dissostichus_eleginoides,Perciformes,Mesoplodon_hectori,Ziphiidae,,Heterótrofo,Mamiferos marinos,Peces demersales,13,,
309,Micromesistius_australis,Gadiformes ,Mesoplodon_hectori,Ziphiidae,,Heterótrofo,Mamiferos marinos,Peces,13,,
310,Macruronus_magellanicus,Gadiformes ,Mesoplodon_hectori,Ziphiidae,,Heterótrofo,Mamiferos marinos,Peces demersales,13,,
311,Merluccius_australis,Gadiformes ,Mesoplodon_hectori,Ziphiidae,,Heterótrofo,Mamiferos marinos,Peces demersales,13,,
312,Gobionotothen_gibberifrons,Perciformes ,Mesoplodon_hectori,Ziphiidae,,Heterótrofo,Mamiferos marinos,Peces,13,,
313,Chaenocephalus_aceratus,Perciformes ,Mesoplodon_hectori,Ziphiidae,,Heterótrofo,Mamiferos marinos,Peces,13,,
314,Champsocephalus_gunnari,Perciformes ,Mesoplodon_hectori,Ziphiidae,,Heterótrofo,Mamiferos marinos,Peces,13,,
315,Chionodraco_rastrospinosus,Perciformes ,Mesoplodon_hectori,Ziphiidae,,Heterótrofo,Mamiferos marinos,Peces,13,,
316,Lepidonotothen_kempi,Perciformes ,Mesoplodon_hectori,Ziphiidae,,Heterótrofo,Mamiferos marinos,Peces,13,,
317,Nototheniops_larseni,Perciformes ,Mesoplodon_hectori,Ziphiidae,,Heterótrofo,Mamiferos marinos,Peces,13,,
318,Pseudochaenichthys_georgianus,Perciformes ,Mesoplodon_hectori,Ziphiidae,,Heterótrofo,Mamiferos marinos,Peces,13,,
319,Loligo_gahi,Cephalopoda ,Mesoplodon_layardii,Ziphiidae,,Heterótrofo,Mamiferos marinos,Cefalopodos,13,,
320,Ilex_argentinus,Cephalopoda ,Mesoplodon_layardii,Ziphiidae,,Heterótrofo,Mamiferos marinos,Cefalopodos,13,,
321,Macruronus_magellanicus,Gadiformes ,Mesoplodon_layardii,Ziphiidae,,Heterótrofo,Mamiferos marinos,Peces demersales,13,,
322,Merluccius_australis,Gadiformes ,Mesoplodon_layardii,Ziphiidae,,Heterótrofo,Mamiferos marinos,Peces demersales,13,,
323,Champsocephalus_aceratus,Perciformes,Mesoplodon_layardii,Ziphiidae,,Heterótrofo,Mamiferos marinos,Peces,13,,
324,Galiteuthis_glacialis,Cephalopoda ,Mesoplodon_layardii,Ziphiidae,,Heterótrofo,Mamiferos marinos,Cefalopodos,13,,
325,Euphausia_lucens,Malacostraca,Mesoplodon_layardii,Ziphiidae,,Heterótrofo,Mamiferos marinos,Crustaceos peracaridos,13,,
326,Euphausia_superba,Malacostraca,Mesoplodon_layardii,Ziphiidae,,Heterótrofo,Mamiferos marinos,Crustaceos peracaridos,13,,
327,Taonius*,Cephalopoda ,Mesoplodon_layardii,Ziphiidae,,Heterótrofo,Mamiferos marinos,Cefalopodos,13,,
328,Histioteuthis_atlantica,Cephalopoda ,Mesoplodon_layardii,Ziphiidae,,Heterótrofo,Mamiferos marinos,Cefalopodos,13,,
329,Histioteuthis_macrohista,Cephalopoda ,Mesoplodon_layardii,Ziphiidae,,Heterótrofo,Mamiferos marinos,Cefalopodos,13,,
330,Gonatus_antarcticus,Cephalopoda,Mesoplodon_layardii,Ziphiidae,,Heterótrofo,Mamiferos marinos,Cefalopodos,13,,
331,Kondakovia_longimana,Cephalopoda ,Mesoplodon_layardii,Ziphiidae,,Heterótrofo,Mamiferos marinos,Cefalopodos,13,,
332,Batoteuthis_skolops,Cephalopoda ,Mesoplodon_layardii,Ziphiidae,,Heterótrofo,Mamiferos marinos,Cefalopodos,13,,
333,Galiteuthis_glacialis,Cephalopoda ,Mesoplodon_layardii,Ziphiidae,,Heterótrofo,Mamiferos marinos,Cefalopodos,13,,
334,Dissostichus_eleginoides,Perciformes,Mesoplodon_layardii,Ziphiidae,,Heterótrofo,Mamiferos marinos,Peces demersales,13,,
335,Micromesistius_australis,Gadiformes ,Mesoplodon_layardii,Ziphiidae,,Heterótrofo,Mamiferos marinos,Peces,13,,
336,Macruronus_magellanicus,Gadiformes ,Mesoplodon_layardii,Ziphiidae,,Heterótrofo,Mamiferos marinos,Peces demersales,13,,
337,Merluccius_australis,Gadiformes ,Mesoplodon_layardii,Ziphiidae,,Heterótrofo,Mamiferos marinos,Peces demersales,13,,
338,Gobionotothen_gibberifrons,Perciformes ,Mesoplodon_layardii,Ziphiidae,,Heterótrofo,Mamiferos marinos,Peces,13,,
339,Chaenocephalus_aceratus,Perciformes ,Mesoplodon_layardii,Ziphiidae,,Heterótrofo,Mamiferos marinos,Peces,13,,
340,Champsocephalus_gunnari,Perciformes ,Mesoplodon_layardii,Ziphiidae,,Heterótrofo,Mamiferos marinos,Peces,13,,
341,Chionodraco_rastrospinosus,Perciformes ,Mesoplodon_layardii,Ziphiidae,,Heterótrofo,Mamiferos marinos,Peces,13,,
342,Lepidonotothen_kempi,Perciformes ,Mesoplodon_layardii,Ziphiidae,,Heterótrofo,Mamiferos marinos,Peces,13,,
343,Nototheniops_larseni,Perciformes ,Mesoplodon_layardii,Ziphiidae,,Heterótrofo,Mamiferos marinos,Peces,13,,
344,Pseudochaenichthys_georgianus,Perciformes ,Mesoplodon_layardii,Ziphiidae,,Heterótrofo,Mamiferos marinos,Peces,13,,
345,Loligo_gahi,Cephalopoda ,Tasmacetus_shepherdi,Ziphiidae,,Heterótrofo,Mamiferos marinos,Cefalopodos,13,,
346,Ilex_argentinus,Cephalopoda ,Tasmacetus_shepherdi,Ziphiidae,,Heterótrofo,Mamiferos marinos,Cefalopodos,13,https://doi.org/10.3354/meps12296,
347,Macruronus_magellanicus,Gadiformes ,Tasmacetus_shepherdi,Ziphiidae,,Heterótrofo,Mamiferos marinos,Peces demersales,13,https://doi.org/10.3354/meps12296,
348,Merluccius_australis,Gadiformes ,Tasmacetus_shepherdi,Ziphiidae,,Heterótrofo,Mamiferos marinos,Peces demersales,13,https://doi.org/10.3354/meps12296,
349,Champsocephalus_aceratus,Perciformes,Tasmacetus_shepherdi,Ziphiidae,,Heterótrofo,Mamiferos marinos,Peces,13,https://doi.org/10.3354/meps12296,
350,Galiteuthis_glacialis,Cephalopoda ,Tasmacetus_shepherdi,Ziphiidae,,Heterótrofo,Mamiferos marinos,Cefalopodos,13,https://doi.org/10.3354/meps12296,
351,Euphausia_lucens,Malacostraca,Tasmacetus_shepherdi,Ziphiidae,,Heterótrofo,Mamiferos marinos,Crustaceos peracaridos,13,https://doi.org/10.3354/meps12296,
352,Euphausia_superba,Malacostraca,Tasmacetus_shepherdi,Ziphiidae,,Heterótrofo,Mamiferos marinos,Crustaceos peracaridos,13,https://doi.org/10.3354/meps12296,
353,Taonius*,Cephalopoda ,Tasmacetus_shepherdi,Ziphiidae,,Heterótrofo,Mamiferos marinos,Cefalopodos,13,https://doi.org/10.3354/meps12296,
354,Histioteuthis_atlantica,Cephalopoda ,Tasmacetus_shepherdi,Ziphiidae,,Heterótrofo,Mamiferos marinos,Cefalopodos,13,https://doi.org/10.3354/meps12296,
355,Histioteuthis_macrohista,Cephalopoda ,Tasmacetus_shepherdi,Ziphiidae,,Heterótrofo,Mamiferos marinos,Cefalopodos,13,https://doi.org/10.3354/meps12296,
356,Gonatus_antarcticus,Cephalopoda,Tasmacetus_shepherdi,Ziphiidae,,Heterótrofo,Mamiferos marinos,Cefalopodos,13,https://doi.org/10.3354/meps12296,
357,Kondakovia_longimana,Cephalopoda ,Tasmacetus_shepherdi,Ziphiidae,,Heterótrofo,Mamiferos marinos,Cefalopodos,13,https://doi.org/10.3354/meps12296,
358,Batoteuthis_skolops,Cephalopoda ,Tasmacetus_shepherdi,Ziphiidae,,Heterótrofo,Mamiferos marinos,Cefalopodos,13,https://doi.org/10.3354/meps12296,
359,Galiteuthis_glacialis,Cephalopoda ,Tasmacetus_shepherdi,Ziphiidae,,Heterótrofo,Mamiferos marinos,Cefalopodos,13,https://doi.org/10.3354/meps12296,
360,Dissostichus_eleginoides,Perciformes,Tasmacetus_shepherdi,Ziphiidae,,Heterótrofo,Mamiferos marinos,Peces demersales,13,https://doi.org/10.3354/meps12296,
361,Micromesistius_australis,Gadiformes ,Tasmacetus_shepherdi,Ziphiidae,,Heterótrofo,Mamiferos marinos,Peces,13,https://doi.org/10.3354/meps12296,
362,Macruronus_magellanicus,Gadiformes ,Tasmacetus_shepherdi,Ziphiidae,,Heterótrofo,Mamiferos marinos,Peces demersales,13,https://doi.org/10.3354/meps12296,
363,Merluccius_australis,Gadiformes ,Tasmacetus_shepherdi,Ziphiidae,,Heterótrofo,Mamiferos marinos,Peces demersales,13,https://doi.org/10.3354/meps12296,
364,Gobionotothen_gibberifrons,Perciformes ,Tasmacetus_shepherdi,Ziphiidae,,Heterótrofo,Mamiferos marinos,Peces,13,https://doi.org/10.3354/meps12296,
365,Chaenocephalus_aceratus,Perciformes ,Tasmacetus_shepherdi,Ziphiidae,,Heterótrofo,Mamiferos marinos,Peces,13,https://doi.org/10.3354/meps12296,
366,Champsocephalus_gunnari,Perciformes ,Tasmacetus_shepherdi,Ziphiidae,,Heterótrofo,Mamiferos marinos,Peces,13,https://doi.org/10.3354/meps12296,
367,Chionodraco_rastrospinosus,Perciformes ,Tasmacetus_shepherdi,Ziphiidae,,Heterótrofo,Mamiferos marinos,Peces,13,https://doi.org/10.3354/meps12296,
368,Lepidonotothen_kempi,Perciformes ,Tasmacetus_shepherdi,Ziphiidae,,Heterótrofo,Mamiferos marinos,Peces,13,https://doi.org/10.3354/meps12296,
369,Nototheniops_larseni,Perciformes ,Tasmacetus_shepherdi,Ziphiidae,,Heterótrofo,Mamiferos marinos,Peces,13,https://doi.org/10.3354/meps12296,
370,Pseudochaenichthys_georgianus,Perciformes ,Tasmacetus_shepherdi,Ziphiidae,,Heterótrofo,Mamiferos marinos,Peces,13,https://doi.org/10.3354/meps12296,
371,Loligo_gahi,Cephalopoda ,Ziphius_cavirostris,Ziphiidae ,,Heterótrofo,Mamiferos marinos,Cefalopodos,19,https://doi.org/10.1007/s00300-019-02607-z,
372,Ilex_argentinus,Cephalopoda ,Ziphius_cavirostris,Ziphiidae ,,Heterótrofo,Mamiferos marinos,Cefalopodos,19,https://doi.org/10.1007/s00300-019-02607-z,
373,Macruronus_magellanicus,Gadiformes ,Ziphius_cavirostris,Ziphiidae ,,Heterótrofo,Mamiferos marinos,Peces demersales,19,https://doi.org/10.1007/s00300-019-02607-z,
374,Merluccius_australis,Gadiformes ,Ziphius_cavirostris,Ziphiidae ,,Heterótrofo,Mamiferos marinos,Peces demersales,19,https://doi.org/10.1007/s00300-019-02607-z,
375,Champsocephalus_aceratus,Perciformes,Ziphius_cavirostris,Ziphiidae ,,Heterótrofo,Mamiferos marinos,Peces,19,https://doi.org/10.1007/s00300-019-02607-z,
376,Galiteuthis_glacialis,Cephalopoda ,Ziphius_cavirostris,Ziphiidae ,,Heterótrofo,Mamiferos marinos,Cefalopodos,19,https://doi.org/10.1007/s00300-019-02607-z,
377,Euphausia_lucens,Malacostraca,Ziphius_cavirostris,Ziphiidae ,,Heterótrofo,Mamiferos marinos,Crustaceos peracaridos,19,https://doi.org/10.1007/s00300-019-02607-z,
378,Euphausia_superba,Malacostraca,Ziphius_cavirostris,Ziphiidae ,,Heterótrofo,Mamiferos marinos,Crustaceos peracaridos,19,https://doi.org/10.1007/s00300-019-02607-z,
379,Taonius*,Cephalopoda ,Ziphius_cavirostris,Ziphiidae ,,Heterótrofo,Mamiferos marinos,Cefalopodos,19,https://doi.org/10.1007/s00300-019-02607-z,
380,Histioteuthis_atlantica,Cephalopoda ,Ziphius_cavirostris,Ziphiidae ,,Heterótrofo,Mamiferos marinos,Cefalopodos,19,https://doi.org/10.1007/s00300-019-02607-z,
381,Histioteuthis_macrohista,Cephalopoda ,Ziphius_cavirostris,Ziphiidae ,,Heterótrofo,Mamiferos marinos,Cefalopodos,19,https://doi.org/10.1007/s00300-019-02607-z,
382,Gonatus_antarcticus,Cephalopoda,Ziphius_cavirostris,Ziphiidae ,,Heterótrofo,Mamiferos marinos,Cefalopodos,19,https://doi.org/10.1007/s00300-019-02607-z,
383,Kondakovia_longimana,Cephalopoda ,Ziphius_cavirostris,Ziphiidae ,,Heterótrofo,Mamiferos marinos,Cefalopodos,19,https://doi.org/10.1007/s00300-019-02607-z,
384,Batoteuthis_skolops,Cephalopoda ,Ziphius_cavirostris,Ziphiidae ,,Heterótrofo,Mamiferos marinos,Cefalopodos,19,https://doi.org/10.1007/s00300-019-02607-z,
385,Galiteuthis_glacialis,Cephalopoda ,Ziphius_cavirostris,Ziphiidae ,,Heterótrofo,Mamiferos marinos,Cefalopodos,19,https://doi.org/10.1007/s00300-019-02607-z,
386,Dissostichus_eleginoides,Perciformes,Ziphius_cavirostris,Ziphiidae ,,Heterótrofo,Mamiferos marinos,Peces demersales,19,https://doi.org/10.1007/s00300-019-02607-z,
387,Micromesistius_australis,Gadiformes ,Ziphius_cavirostris,Ziphiidae ,,Heterótrofo,Mamiferos marinos,Peces,19,https://doi.org/10.1007/s00300-019-02607-z,
388,Macruronus_magellanicus,Gadiformes ,Ziphius_cavirostris,Ziphiidae ,,Heterótrofo,Mamiferos marinos,Peces demersales,19,https://doi.org/10.1007/s00300-019-02607-z,
389,Merluccius_australis,Gadiformes ,Ziphius_cavirostris,Ziphiidae ,,Heterótrofo,Mamiferos marinos,Peces demersales,19,https://doi.org/10.1007/s00300-019-02607-z,
390,Gobionotothen_gibberifrons,Perciformes ,Ziphius_cavirostris,Ziphiidae ,,Heterótrofo,Mamiferos marinos,Peces,19,https://doi.org/10.1007/s00300-019-02607-z,
391,Chaenocephalus_aceratus,Perciformes ,Ziphius_cavirostris,Ziphiidae ,,Heterótrofo,Mamiferos marinos,Peces,19,https://doi.org/10.1007/s00300-019-02607-z,
392,Champsocephalus_gunnari,Perciformes ,Ziphius_cavirostris,Ziphiidae ,,Heterótrofo,Mamiferos marinos,Peces,19,https://doi.org/10.1007/s00300-019-02607-z,
393,Chionodraco_rastrospinosus,Perciformes ,Ziphius_cavirostris,Ziphiidae ,,Heterótrofo,Mamiferos marinos,Peces,19,https://doi.org/10.1007/s00300-019-02607-z,
394,Lepidonotothen_kempi,Perciformes ,Ziphius_cavirostris,Ziphiidae ,,Heterótrofo,Mamiferos marinos,Peces,19,https://doi.org/10.1007/s00300-019-02607-z,
395,Nototheniops_larseni,Perciformes ,Ziphius_cavirostris,Ziphiidae ,,Heterótrofo,Mamiferos marinos,Peces,19,https://doi.org/10.1007/s00300-019-02607-z,
396,Pseudochaenichthys_georgianus,Perciformes ,Ziphius_cavirostris,Ziphiidae ,,Heterótrofo,Mamiferos marinos,Peces,19,https://doi.org/10.1007/s00300-019-02607-z,
397,Loligo_gahi,Cephalopoda ,Cephalorhynchus_commersonii,Delphinidae,,Heterótrofo,Mamiferos marinos,Cefalopodos,19,https://doi.org/10.1007/s00300-019-02607-z,
398,Ilex_argentinus,Cephalopoda ,Cephalorhynchus_commersonii,Delphinidae,,Heterótrofo,Mamiferos marinos,Cefalopodos,19,https://doi.org/10.1007/s00300-019-02607-z,
399,Macruronus_magellanicus,Gadiformes ,Cephalorhynchus_commersonii,Delphinidae,,Heterótrofo,Mamiferos marinos,Peces demersales,19,https://doi.org/10.1007/s00300-019-02607-z,
400,Merluccius_australis,Gadiformes ,Cephalorhynchus_commersonii,Delphinidae,,Heterótrofo,Mamiferos marinos,Peces demersales,19,https://doi.org/10.1007/s00300-019-02607-z,
401,Champsocephalus_aceratus,Perciformes,Cephalorhynchus_commersonii,Delphinidae,,Heterótrofo,Mamiferos marinos,Peces,19,https://doi.org/10.1007/s00300-019-02607-z,
402,Galiteuthis_glacialis,Cephalopoda ,Cephalorhynchus_commersonii,Delphinidae,,Heterótrofo,Mamiferos marinos,Cefalopodos,19,https://doi.org/10.1007/s00300-019-02607-z,
403,Euphausia_lucens,Malacostraca,Cephalorhynchus_commersonii,Delphinidae,,Heterótrofo,Mamiferos marinos,Crustaceos peracaridos,19,https://doi.org/10.1007/s00300-019-02607-z,
404,Euphausia_superba,Malacostraca,Cephalorhynchus_commersonii,Delphinidae,,Heterótrofo,Mamiferos marinos,Crustaceos peracaridos,19,https://doi.org/10.1007/s00300-019-02607-z,
405,Taonius*,Cephalopoda ,Cephalorhynchus_commersonii,Delphinidae,,Heterótrofo,Mamiferos marinos,Cefalopodos,19,https://doi.org/10.1007/s00300-019-02607-z,
406,Histioteuthis_atlantica,Cephalopoda ,Cephalorhynchus_commersonii,Delphinidae,,Heterótrofo,Mamiferos marinos,Cefalopodos,19,https://doi.org/10.1007/s00300-019-02607-z,
407,Histioteuthis_macrohista,Cephalopoda ,Cephalorhynchus_commersonii,Delphinidae,,Heterótrofo,Mamiferos marinos,Cefalopodos,19,https://doi.org/10.1007/s00300-019-02607-z,
408,Gonatus_antarcticus,Cephalopoda,Cephalorhynchus_commersonii,Delphinidae,,Heterótrofo,Mamiferos marinos,Cefalopodos,19,https://doi.org/10.1007/s00300-019-02607-z,
409,Kondakovia_longimana,Cephalopoda ,Cephalorhynchus_commersonii,Delphinidae,,Heterótrofo,Mamiferos marinos,Cefalopodos,19,https://doi.org/10.1007/s00300-019-02607-z,
410,Batoteuthis_skolops,Cephalopoda ,Cephalorhynchus_commersonii,Delphinidae,,Heterótrofo,Mamiferos marinos,Cefalopodos,19,https://doi.org/10.1007/s00300-019-02607-z,
411,Galiteuthis_glacialis,Cephalopoda ,Cephalorhynchus_commersonii,Delphinidae,,Heterótrofo,Mamiferos marinos,Cefalopodos,19,https://doi.org/10.1007/s00300-019-02607-z,
412,Dissostichus_eleginoides,Perciformes,Cephalorhynchus_commersonii,Delphinidae,,Heterótrofo,Mamiferos marinos,Peces demersales,19,https://doi.org/10.1007/s00300-019-02607-z,
413,Micromesistius_australis,Gadiformes ,Cephalorhynchus_commersonii,Delphinidae,,Heterótrofo,Mamiferos marinos,Peces,19,https://doi.org/10.1007/s00300-019-02607-z,
414,Macruronus_magellanicus,Gadiformes ,Cephalorhynchus_commersonii,Delphinidae,,Heterótrofo,Mamiferos marinos,Peces demersales,19,https://doi.org/10.1007/s00300-019-02607-z,
415,Merluccius_australis,Gadiformes ,Cephalorhynchus_commersonii,Delphinidae,,Heterótrofo,Mamiferos marinos,Peces demersales,19,https://doi.org/10.1007/s00300-019-02607-z,
416,Gobionotothen_gibberifrons,Perciformes ,Cephalorhynchus_commersonii,Delphinidae,,Heterótrofo,Mamiferos marinos,Peces,19,https://doi.org/10.1007/s00300-019-02607-z,
417,Chaenocephalus_aceratus,Perciformes ,Cephalorhynchus_commersonii,Delphinidae,,Heterótrofo,Mamiferos marinos,Peces,19,https://doi.org/10.1007/s00300-019-02607-z,
418,Champsocephalus_gunnari,Perciformes ,Cephalorhynchus_commersonii,Delphinidae,,Heterótrofo,Mamiferos marinos,Peces,19,https://doi.org/10.1007/s00300-019-02607-z,
419,Chionodraco_rastrospinosus,Perciformes ,Cephalorhynchus_commersonii,Delphinidae,,Heterótrofo,Mamiferos marinos,Peces,19,https://doi.org/10.1007/s00300-019-02607-z,
420,Lepidonotothen_kempi,Perciformes ,Cephalorhynchus_commersonii,Delphinidae,,Heterótrofo,Mamiferos marinos,Peces,19,https://doi.org/10.1007/s00300-019-02607-z,
421,Nototheniops_larseni,Perciformes ,Cephalorhynchus_commersonii,Delphinidae,,Heterótrofo,Mamiferos marinos,Peces,19,https://doi.org/10.1007/s00300-019-02607-z,
422,Pseudochaenichthys_georgianus,Perciformes ,Cephalorhynchus_commersonii,Delphinidae,,Heterótrofo,Mamiferos marinos,Peces,19,https://doi.org/10.1007/s00300-019-02607-z,
423,Loligo_gahi,Cephalopoda ,Eubalaena_australis,Balaenidae,,Heterótrofo,Mamiferos marinos,Cefalopodos,19,https://doi.org/10.1007/s00300-019-02607-z,
424,Ilex_argentinus,Cephalopoda ,Eubalaena_australis,Balaenidae,,Heterótrofo,Mamiferos marinos,Cefalopodos,19,https://doi.org/10.1007/s00300-019-02607-z,
425,Macruronus_magellanicus,Gadiformes ,Eubalaena_australis,Balaenidae,,Heterótrofo,Mamiferos marinos,Peces demersales,19,https://doi.org/10.1007/s00300-019-02607-z,
426,Merluccius_australis,Gadiformes ,Eubalaena_australis,Balaenidae,,Heterótrofo,Mamiferos marinos,Peces demersales,19,https://doi.org/10.1007/s00300-019-02607-z,
427,Champsocephalus_aceratus,Perciformes,Eubalaena_australis,Balaenidae,,Heterótrofo,Mamiferos marinos,Peces,19,https://doi.org/10.1007/s00300-019-02607-z,
428,Galiteuthis_glacialis,Cephalopoda ,Eubalaena_australis,Balaenidae,,Heterótrofo,Mamiferos marinos,Cefalopodos,19,https://doi.org/10.1007/s00300-019-02607-z,
429,Euphausia_lucens,Malacostraca,Eubalaena_australis,Balaenidae,,Heterótrofo,Mamiferos marinos,Crustaceos peracaridos,19,https://doi.org/10.1007/s00300-019-02607-z,
430,Euphausia_superba,Malacostraca,Eubalaena_australis,Balaenidae,,Heterótrofo,Mamiferos marinos,Crustaceos peracaridos,19,https://doi.org/10.1007/s00300-019-02607-z,
431,Taonius*,Cephalopoda ,Eubalaena_australis,Balaenidae,,Heterótrofo,Mamiferos marinos,Cefalopodos,19,https://doi.org/10.1007/s00300-019-02607-z,
432,Histioteuthis_atlantica,Cephalopoda ,Eubalaena_australis,Balaenidae,,Heterótrofo,Mamiferos marinos,Cefalopodos,19,https://doi.org/10.1007/s00300-019-02607-z,
433,Histioteuthis_macrohista,Cephalopoda ,Eubalaena_australis,Balaenidae,,Heterótrofo,Mamiferos marinos,Cefalopodos,19,https://doi.org/10.1007/s00300-019-02607-z,
434,Gonatus_antarcticus,Cephalopoda,Eubalaena_australis,Balaenidae,,Heterótrofo,Mamiferos marinos,Cefalopodos,19,https://doi.org/10.1007/s00300-019-02607-z,
435,Kondakovia_longimana,Cephalopoda ,Eubalaena_australis,Balaenidae,,Heterótrofo,Mamiferos marinos,Cefalopodos,19,https://doi.org/10.1007/s00300-019-02607-z,
436,Batoteuthis_skolops,Cephalopoda ,Eubalaena_australis,Balaenidae,,Heterótrofo,Mamiferos marinos,Cefalopodos,19,https://doi.org/10.1007/s00300-019-02607-z,
437,Galiteuthis_glacialis,Cephalopoda ,Eubalaena_australis,Balaenidae,,Heterótrofo,Mamiferos marinos,Cefalopodos,19,https://doi.org/10.1007/s00300-019-02607-z,
438,Dissostichus_eleginoides,Perciformes,Eubalaena_australis,Balaenidae,,Heterótrofo,Mamiferos marinos,Peces demersales,19,https://doi.org/10.1007/s00300-019-02607-z,
439,Micromesistius_australis,Gadiformes ,Eubalaena_australis,Balaenidae,,Heterótrofo,Mamiferos marinos,Peces,19,https://doi.org/10.1007/s00300-019-02607-z,
440,Macruronus_magellanicus,Gadiformes ,Eubalaena_australis,Balaenidae,,Heterótrofo,Mamiferos marinos,Peces demersales,19,https://doi.org/10.1007/s00300-019-02607-z,
441,Merluccius_australis,Gadiformes ,Eubalaena_australis,Balaenidae,,Heterótrofo,Mamiferos marinos,Peces demersales,19,https://doi.org/10.1007/s00300-019-02607-z,
442,Gobionotothen_gibberifrons,Perciformes ,Eubalaena_australis,Balaenidae,,Heterótrofo,Mamiferos marinos,Peces,19,https://doi.org/10.1007/s00300-019-02607-z,
443,Chaenocephalus_aceratus,Perciformes ,Eubalaena_australis,Balaenidae,,Heterótrofo,Mamiferos marinos,Peces,19,https://doi.org/10.1007/s00300-019-02607-z,
444,Champsocephalus_gunnari,Perciformes ,Eubalaena_australis,Balaenidae,,Heterótrofo,Mamiferos marinos,Peces,19,https://doi.org/10.1007/s00300-019-02607-z,
445,Chionodraco_rastrospinosus,Perciformes ,Eubalaena_australis,Balaenidae,,Heterótrofo,Mamiferos marinos,Peces,19,https://doi.org/10.1007/s00300-019-02607-z,
446,Lepidonotothen_kempi,Perciformes ,Eubalaena_australis,Balaenidae,,Heterótrofo,Mamiferos marinos,Peces,19,https://doi.org/10.1007/s00300-019-02607-z,
447,Nototheniops_larseni,Perciformes ,Eubalaena_australis,Balaenidae,,Heterótrofo,Mamiferos marinos,Peces,19,https://doi.org/10.1007/s00300-019-02607-z,
448,Pseudochaenichthys_georgianus,Perciformes ,Eubalaena_australis,Balaenidae,,Heterótrofo,Mamiferos marinos,Peces,19,https://doi.org/10.1007/s00300-019-02607-z,
449,Sprattus_fuegensis,Clupeiformes ,Aves,,Cazador,Heterótrofo,Aves marinas,Sardinas,15,https://doi.org/10.1007/s00300-018-2394-2,
450,Munida_gregaria,Malacostraca,Aves,,Cazador,Heterótrofo,Aves marinas,Crustaceos peracaridos,15,https://doi.org/10.1007/s00300-018-2394-2,
451,Sprattus_fuegensis,Clupeiformes ,Peces,,Cazador,Heterótrofo,Peces,Sardinas,15,https://doi.org/10.1007/s00300-018-2394-2,
452,Munida_gregaria,Malacostraca,Peces,,Cazador,Heterótrofo,Peces,Crustaceos peracaridos,15,https://doi.org/10.1007/s00300-018-2394-2,
453,Sprattus_fuegensis,Clupeiformes ,Mamiferos marinos,,Cazador,Heterótrofo,Mamiferos marinos,Sardinas,15,https://doi.org/10.1007/s00300-018-2394-2,
454,Munida_gregaria,Malacostraca,Mamiferos marinos,,Cazador,Heterótrofo,Mamiferos marinos,Crustaceos peracaridos,15,https://doi.org/10.1007/s00300-018-2394-2,
455,Munida_gregaria,Malacostraca,Spheniscus_magellanicus,Sphenisciformes,Cazador,Heterótrofo,Aves marinas,Crustaceos peracaridos,16,https://doi.org/10.1111/ibi.12547,
456,Sprattus_fuegensis,Clupeiformes ,Spheniscus_magellanicus,Sphenisciformes,Cazador,Heterótrofo,Aves marinas,Sardinas,16,https://doi.org/10.1111/ibi.12547,
457,Loligo_gahi,Cephalopoda ,Spheniscus_magellanicus,Sphenisciformes,Cazador,Heterótrofo,Aves marinas,Cefalopodos,16,https://doi.org/10.1111/ibi.12547,
458,Euphausiacea,Malacostraca,Megaptera_novaeangliae,Balaenopteridae,Filtrador,Heterótrofo,Mamiferos marinos,Crustaceos peracaridos,19,https://doi.org/10.1007/s00300-019-02607-z,
459,Euphausiacea,Malacostraca,Balaenoptera_borealis,Balaenopteridae,,Heterótrofo,Mamiferos marinos,Crustaceos peracaridos,19,https://doi.org/10.1007/s00300-019-02607-z,
460,Euphausiacea,Malacostraca,Lagenorhynchus_cruciger,Delphinidae,,Heterótrofo,Mamiferos marinos,Crustaceos peracaridos,19,https://doi.org/10.1007/s00300-019-02607-z,
461,Myctophidae* ,Myctophiformes ,Balaenoptera_physalus,Balaenopteridae,,Heterótrofo,Mamiferos marinos,Peces,19,https://doi.org/10.1007/s00300-019-02607-z,
462,Myctophidae* ,Myctophiformes ,Balaenoptera_borealisa,Balaenopteridae,,Heterótrofo,Mamiferos marinos,Peces,19,https://doi.org/10.1007/s00300-019-02607-z,
463,Myctophidae* ,Myctophiformes ,Balaenoptera_borealis,Balaenopteridae,,Heterótrofo,Mamiferos marinos,Peces,19,https://doi.org/10.1007/s00300-019-02607-z,
464,Onykia_ingens,Cephalopoda ,Globicephala_melas_edwardii,Delphinidae,,Heterótrofo,Mamiferos marinos,Cefalopodos,21,https://doi.org/10.1007/s00300-021-02908-2,
465,Martialia_hyadesi,Cephalopoda ,Globicephala_melas_edwardii,Delphinidae,,Heterótrofo,Mamiferos marinos,Cefalopodos,21,https://doi.org/10.1007/s00300-021-02908-2,
466,Chiroteuthis_veranyi,Cephalopoda ,Globicephala_melas_edwardii,Delphinidae,,Heterótrofo,Mamiferos marinos,Cefalopodos,21,https://doi.org/10.1007/s00300-021-02908-2,
467,Doryteuthis_gahi,Cephalopoda ,Globicephala_melas_edwardii,Delphinidae,,Heterótrofo,Mamiferos marinos,Cefalopodos,21,https://doi.org/10.1007/s00300-021-02908-2,
468,Ilex_argentinus,Cephalopoda ,Globicephala_melas_edwardii,Delphinidae,,Heterótrofo,Mamiferos marinos,Cefalopodos,21,https://doi.org/10.1007/s00300-021-02908-2,
469,Enteroctopus_megalocyathus,Cephalopoda ,Globicephala_melas_edwardii,Delphinidae,,Heterótrofo,Mamiferos marinos,Cefalopodos,21,https://doi.org/10.1007/s00300-021-02908-2,
470,Merluccius_hubbsi,Gadiformes ,Globicephala_melas_edwardii,Delphinidae,,Heterótrofo,Mamiferos marinos,Peces demersales,21,https://doi.org/10.1007/s00300-021-02908-2,
471,Merluccius_ustralis,Gadiformes ,Globicephala_melas_edwardii,Delphinidae,,Heterótrofo,Mamiferos marinos,Peces demersales,21,https://doi.org/10.1007/s00300-021-02908-2,
472,Macruronus_magellanicus,Gadiformes ,Globicephala_melas_edwardii,Delphinidae,,Heterótrofo,Mamiferos marinos,Peces demersales,21,https://doi.org/10.1007/s00300-021-02908-2,
473,Salilota_australis,Gadiformes ,Globicephala_melas_edwardii,Delphinidae,,Heterótrofo,Mamiferos marinos,Peces,21,https://doi.org/10.1007/s00300-021-02908-2,
474,Micromesistius_australis,Gadiformes ,Globicephala_melas_edwardii,Delphinidae,,Heterótrofo,Mamiferos marinos,Peces,21,https://doi.org/10.1007/s00300-021-02908-2,
475,Dissostichus_eleginoides,Perciformes,Globicephala_melas_edwardii,Delphinidae,,Heterótrofo,Mamiferos marinos,Peces demersales,21,https://doi.org/10.1007/s00300-021-02908-2,
476,Cottoperca_trigloides,Perciformes,Globicephala_melas_edwardii,Delphinidae,,Heterótrofo,Mamiferos marinos,Peces demersales,21,https://doi.org/10.1007/s00300-021-02908-2,
477,Iluocoetes_fimbriatus,Perciformes,Globicephala_melas_edwardii,Delphinidae,,Heterótrofo,Mamiferos marinos,Peces,21,https://doi.org/10.1007/s00300-021-02908-2,
478,Martialia_hyadesi,Cephalopoda ,Globicephala_melas_edwardii,Delphinidae,,Heterótrofo,Mamiferos marinos,Cefalopodos,21,https://doi.org/10.1007/s00300-021-02908-2,
479,Galiteuthis_glacialis,Cephalopoda ,Globicephala_melas_edwardii,Delphinidae,,Heterótrofo,Mamiferos marinos,Cefalopodos,21,https://doi.org/10.1007/s00300-021-02908-2,
480,Taonius*,Cephalopoda ,Globicephala_melas_edwardii,Delphinidae,,Heterótrofo,Mamiferos marinos,Cefalopodos,21,https://doi.org/10.1007/s00300-021-02908-2,
481,Histioteuthis_eltaninae,Cephalopoda ,Globicephala_melas_edwardii,Delphinidae,,Heterótrofo,Mamiferos marinos,Cefalopodos,21,https://doi.org/10.1007/s00300-021-02908-2,
482,Histioteuthis_atlantica,Cephalopoda ,Globicephala_melas_edwardii,Delphinidae,,Heterótrofo,Mamiferos marinos,Cefalopodos,21,https://doi.org/10.1007/s00300-021-02908-2,
483,Alluroteuthis_antarcticus,Cephalopoda ,Globicephala_melas_edwardii,Delphinidae,,Heterótrofo,Mamiferos marinos,Cefalopodos,21,https://doi.org/10.1007/s00300-021-02908-2,
484,Kondakovia_longimana,Cephalopoda ,Globicephala_melas_edwardii,Delphinidae,,Heterótrofo,Mamiferos marinos,Cefalopodos,21,https://doi.org/10.1007/s00300-021-02908-2,
485,Filippovia_knipovitchi,Cephalopoda ,Globicephala_melas_edwardii,Delphinidae,,Heterótrofo,Mamiferos marinos,Cefalopodos,21,https://doi.org/10.1007/s00300-021-02908-2,
486,Semirossia_tenera,Cephalopoda ,Globicephala_melas_edwardii,Delphinidae,,Heterótrofo,Mamiferos marinos,Cefalopodos,21,https://doi.org/10.1007/s00300-021-02908-2,
487,Gonatus_antarcticus,Cephalopoda ,Globicephala_melas_edwardii,Delphinidae,,Heterótrofo,Mamiferos marinos,Cefalopodos,21,https://doi.org/10.1007/s00300-021-02908-2,
488,Gobionotothen_gibberifrons,Perciformes ,Globicephala_melas_edwardii,Delphinidae,,Heterótrofo,Mamiferos marinos,Peces,21,https://doi.org/10.1007/s00300-021-02908-2,
489,Chaenocephalus_aceratus,Perciformes ,Globicephala_melas_edwardii,Delphinidae,,Heterótrofo,Mamiferos marinos,Peces,21,https://doi.org/10.1007/s00300-021-02908-2,
490,Chaenocephalus_gunnari,Perciformes ,Globicephala_melas_edwardii,Delphinidae,,Heterótrofo,Mamiferos marinos,Peces,21,https://doi.org/10.1007/s00300-021-02908-2,
491,Chionodraco_rastrospinosus,Perciformes ,Globicephala_melas_edwardii,Delphinidae,,Heterótrofo,Mamiferos marinos,Peces,21,https://doi.org/10.1007/s00300-021-02908-2,
492,Lepidonotothen_kempi,Perciformes ,Globicephala_melas_edwardii,Delphinidae,,Heterótrofo,Mamiferos marinos,Peces,21,https://doi.org/10.1007/s00300-021-02908-2,
493,Nototheniops_larseni,Perciformes ,Globicephala_melas_edwardii,Delphinidae,,Heterótrofo,Mamiferos marinos,Peces,21,https://doi.org/10.1007/s00300-021-02908-2,
494,Pseudochaenichthys_georgianus,Perciformes ,Globicephala_melas_edwardii,Delphinidae,,Heterótrofo,Mamiferos marinos,Peces,21,https://doi.org/10.1007/s00300-021-02908-2,
495,Patagonotothen_ramsayi,Perciformes,Globicephala_melas_edwardii,Delphinidae,,Heterótrofo,Mamiferos marinos,Peces,21,https://doi.org/10.1007/s00300-021-02908-2,
496,Cottoperca_trigloides,Perciformes,Globicephala_melas_edwardii,Delphinidae,,Heterótrofo,Mamiferos marinos,Peces demersales,21,https://doi.org/10.1007/s00300-021-02908-2,
497,Dissostichus_eleginoides,Perciformes,Globicephala_melas_edwardii,Delphinidae,,Heterótrofo,Mamiferos marinos,Peces demersales,21,https://doi.org/10.1007/s00300-021-02908-2,
498,Salilota_australis,Gadiformes ,Globicephala_melas_edwardii,Delphinidae,,Heterótrofo,Mamiferos marinos,Peces,21,https://doi.org/10.1007/s00300-021-02908-2,
499,Patagonotothen_guntheri,Perciformes,Globicephala_melas_edwardii,Delphinidae,,Heterótrofo,Mamiferos marinos,Peces,21,https://doi.org/10.1007/s00300-021-02908-2,
500,Geotria_australis,Petromyzonti,Globicephala_melas_edwardii,Delphinidae,,Heterótrofo,Mamiferos marinos,Peces demersales,21,https://doi.org/10.1007/s00300-021-02908-2,
501,Doryteuthis_gahi,Cephalopoda ,Globicephala_melas_edwardii,Delphinidae,,Heterótrofo,Mamiferos marinos,Cefalopodos,21,https://doi.org/10.1007/s00300-021-02908-2,
502,Euphausia_superba,Malacostraca,Balaenoptera_physalus,Balaenopteridae,Filtrador,Heterótrofo,Mamiferos marinos,Crustaceos peracaridos,24,https://doi.org/10.1007/s00300-022-03080-x,
503,Euphausia_superba,Malacostraca,Megaptera_novaeangliae,Balaenopteridae,Filtrador,Heterótrofo,Mamiferos marinos,Crustaceos peracaridos,24,https://doi.org/10.1007/s00300-022-03080-x,
504,Euphausia_superba,Malacostraca,Balaenoptera_bonaerensis,Balaenopteridae,Filtrador,Heterótrofo,Mamiferos marinos,Crustaceos peracaridos,24,https://doi.org/10.1007/s00300-022-03080-x,
505,Eudyptes_filholi,Sphenisciformes,Phalcoboenus_australis,Falconiformes,Cazador,Heterótrofo,Aves marinas,Aves marinas,21,https://doi.org/10.1007/s00300-021-02908-2,
506,Cephalopoda*,Cephalopoda,Lamna_nasus,Lamniformes,Cazador,Heterótrofo,Condrictios,Cefalopodos,26,https://onlinelibrary.wiley.com/doi/abs/10.1111/jfb.14864,
507,Macruronus_magellanicus,Gadiformes ,Lamna_nasus,Lamniformes,Cazador,Heterótrofo,Condrictios,Peces demersales,26,https://onlinelibrary.wiley.com/doi/abs/10.1111/jfb.14865,
508,Malacosteus_australis,Stomiiformes,Lamna_nasus,Lamniformes,Cazador,Heterótrofo,Condrictios,Peces,26,https://onlinelibrary.wiley.com/doi/abs/10.1111/jfb.14866,
509,Notophycis_marginata,Gadiformes ,Lamna_nasus,Lamniformes,Cazador,Heterótrofo,Condrictios,Peces,26,https://onlinelibrary.wiley.com/doi/abs/10.1111/jfb.14866,
510,Salilota_australis,Gadiformes ,Lamna_nasus,Lamniformes,Cazador,Heterótrofo,Condrictios,Peces,26,https://onlinelibrary.wiley.com/doi/abs/10.1111/jfb.14866,
511,Macrourus_holotrachys,Gadiformes ,Lamna_nasus,Lamniformes,Cazador,Heterótrofo,Condrictios,Peces,26,https://onlinelibrary.wiley.com/doi/abs/10.1111/jfb.14866,
512,Coelorinchus_fasciatus,Gadiformes ,Lamna_nasus,Lamniformes,Cazador,Heterótrofo,Condrictios,Peces,26,https://onlinelibrary.wiley.com/doi/abs/10.1111/jfb.14866,
513,Dissostichus_eleginoides,Perciformes,Lamna_nasus,Lamniformes,Cazador,Heterótrofo,Condrictios,Peces demersales,26,https://onlinelibrary.wiley.com/doi/abs/10.1111/jfb.14866,
514,Patagonotothen_ramsayi,Perciformes,Lamna_nasus,Lamniformes,Cazador,Heterótrofo,Condrictios,Peces,26,https://onlinelibrary.wiley.com/doi/abs/10.1111/jfb.14866,
515,Merluccius_australis,Gadiformes ,Lamna_nasus,Lamniformes,Cazador,Heterótrofo,Condrictios,Peces demersales,26,https://onlinelibrary.wiley.com/doi/abs/10.1111/jfb.14866,
516,Genypterus_blacodes,Ophidiiformes,Lamna_nasus,Lamniformes,Cazador,Heterótrofo,Condrictios,Peces,26,https://onlinelibrary.wiley.com/doi/abs/10.1111/jfb.14866,
517,Bathyraja*,Rajiformes,Lamna_nasus,Lamniformes,Cazador,Heterótrofo,Condrictios,Condrictios,26,https://onlinelibrary.wiley.com/doi/abs/10.1111/jfb.14866,
518,Dipturus*,Rajiformes,Lamna_nasus,Lamniformes,Cazador,Heterótrofo,Condrictios,Condrictios,26,https://onlinelibrary.wiley.com/doi/abs/10.1111/jfb.14866,
519,Micromesistius_australis,Gadiformes ,Lamna_nasus,Lamniformes,Cazador,Heterótrofo,Condrictios,Peces,26,https://onlinelibrary.wiley.com/doi/abs/10.1111/jfb.14866,
520,Sprattus_fuegensis,Clupeiformes ,Lamna_nasus,Lamniformes,Cazador,Heterótrofo,Condrictios,Sardinas,26,https://onlinelibrary.wiley.com/doi/abs/10.1111/jfb.14866,
521,Ilex_argentinus,Cephalopoda,Lamna_nasus,Lamniformes,Cazador,Heterótrofo,Condrictios,Cefalopodos,26,https://onlinelibrary.wiley.com/doi/abs/10.1111/jfb.14866,
522,Moroteuthopsis_ingens,Cephalopoda,Lamna_nasus,Lamniformes,Cazador,Heterótrofo,Condrictios,Cefalopodos,26,https://onlinelibrary.wiley.com/doi/abs/10.1111/jfb.14866,
523,Octopus*,Cephalopoda,Lamna_nasus,Lamniformes,Cazador,Heterótrofo,Condrictios,Cefalopodos,26,https://onlinelibrary.wiley.com/doi/abs/10.1111/jfb.14866,
524,Natantia*,Crustacea,Lamna_nasus,Lamniformes,Cazador,Heterótrofo,Condrictios,Crustaceos,26,https://onlinelibrary.wiley.com/doi/abs/10.1111/jfb.14866,
525,Lithodes_santolla,Malacostraca,Lamna_nasus,Lamniformes,Cazador,Heterótrofo,Condrictios,Crustaceos peracaridos,26,https://onlinelibrary.wiley.com/doi/abs/10.1111/jfb.14866,
526,Euphausia*,Malacostraca,Lamna_nasus,Lamniformes,Cazador,Heterótrofo,Condrictios,Crustaceos peracaridos,26,https://onlinelibrary.wiley.com/doi/abs/10.1111/jfb.14866,
527,Munida_gregaria,Malacostraca,Lamna_nasus,Lamniformes,Cazador,Heterótrofo,Condrictios,Crustaceos peracaridos,26,https://onlinelibrary.wiley.com/doi/abs/10.1111/jfb.14866,
528,,,,,,,,,,,
529,,,,,,,,,,,
530,,,,,,,,,,,
531,,,,,,,,,,,
